brand_id,brand_name_ja,brand_name_en,manufacturer
brand-フジコン,フジコン,,フジコン
brand-ビューティープロ,ビューティープロ,,日本ペットフード
brand-コンボ,コンボ,,日本ペットフード
brand-日本ペットフード,日本ペットフード,,日本ペットフード
brand-デビフ,デビフ,,デビフペット
brand-いなば,いなば,,いなばペットフード
brand-バニーセレクション,バニーセレクション,,イースター
brand-ハイペット,ハイペット,,ハイペット
brand-キョーリン,キョーリン,,キョーリン
brand-イースター,イースター,,イースター
brand-マルカン,マルカン,,マルカン
brand-キラピピ,キラピピ,,キョーリン
brand-エクセル,エクセル,,キョーリン
brand-exo-terra,Exo Terra,,ジェックス
brand-ジェックス,ジェックス,,ジェックス
brand-kbファーム,KBファーム,,KBファーム
brand-ユニ-チャーム,ユニ・チャーム,,ユニ・チャーム
brand-ジョンソントレーディング,ジョンソントレーディング,,ジョンソントレーディング
brand-ペティオ,ペティオ,,ペティオ
brand-森乳サンワールド,森乳サンワールド,,森乳サンワールド
brand-ライオンペット,ライオンペット,,ライオンペット
brand-gex,GEX,,ジェックス
brand-テトラ,テトラ,,スペクトラム ブランズ ジャパン
brand-ロイヤルカナン-ジャポン,ロイヤルカナン ジャポン,,ロイヤルカナン ジャポン
brand-リッチェル,リッチェル,,リッチェル
