product_id,slug,product_name_ja,product_name_en,pet_type,target_species,target_breed,target_size,target_age,life_stage,habitat_type,feeding_type,freshwater_or_marine,brand_id,brand_name,manufacturer,category_id,subcategory_id,product_kind,status,review_required,official_url,source_id,source_status,notes
pet-insect-001,insect-バイオ育成クヌギマット,バイオ育成クヌギマット,,insect,,,,,,,,,brand-フジコン,フジコン,フジコン,insect_supplies,insect_food,food,not_found_official,false,https://www.fujikon.net/04mat.htm,source-pet-insect-001,not_found_official,フジコン公式現行昆虫マット一覧にバイオ育成クヌギマットを確認できない。
pet-dog-001,dog-ビューティープロ-ドッグ-子犬用-12ヵ月頃まで,ビューティープロ ドッグ 子犬用 12ヵ月頃まで,,dog,dog,,,juvenile,juvenile,,,,brand-ビューティープロ,ビューティープロ,日本ペットフード,dog_food,dog_dry_food,food,verified_active,false,https://www.npf.co.jp/dog-products/dog-detail/bdg,source-pet-dog-001,verified_active,公式商品ページで子犬用12ヵ月頃まで・犬用・成長期犬用総合栄養食を確認。
pet-dog-002,dog-ビューティープロ-ドッグ-成犬用-1歳から,ビューティープロ ドッグ 成犬用 1歳から,,dog,dog,,,adult,adult,,,,brand-ビューティープロ,ビューティープロ,日本ペットフード,dog_food,dog_dry_food,food,verified_active,false,https://www.npf.co.jp/beautypro/dog/lineup/index.html,source-pet-dog-002,verified_active,公式ラインアップで成犬用1歳からを確認。
pet-dog-003,dog-ビューティープロ-ドッグ-10歳以上,ビューティープロ ドッグ 10歳以上,,dog,dog,,,senior,senior,,,,brand-ビューティープロ,ビューティープロ,日本ペットフード,dog_food,dog_dry_food,food,verified_active,false,https://www.npf.co.jp/beautypro/dog/lineup/index.html,source-pet-dog-003,verified_active,公式ラインアップで10歳以上を確認。
pet-dog-004,dog-ビューティープロ-ドッグ-低脂肪-1歳から,ビューティープロ ドッグ 低脂肪 1歳から,,dog,dog,,,,,,,,brand-ビューティープロ,ビューティープロ,日本ペットフード,dog_food,dog_dry_food,food,verified_active,false,https://www.npf.co.jp/beautypro/dog/lineup/index.html,source-pet-dog-004,verified_active,公式ラインアップで低脂肪1歳からを確認。
pet-dog-005,dog-ビューティープロ-ドッグ-ダイエット-1歳から,ビューティープロ ドッグ ダイエット 1歳から,,dog,dog,,,,,,,,brand-ビューティープロ,ビューティープロ,日本ペットフード,dog_food,dog_dry_food,food,verified_active,false,https://www.npf.co.jp/beautypro/dog/lineup/index.html,source-pet-dog-005,verified_active,公式ラインアップでダイエット1歳からを確認。
pet-dog-006,dog-ビューティープロ-ドッグ-歯の健康-1歳から,ビューティープロ ドッグ 歯の健康 1歳から,,dog,dog,,,,,,,,brand-ビューティープロ,ビューティープロ,日本ペットフード,dog_food,dog_dry_food,food,verified_active,false,https://www.npf.co.jp/beautypro/dog/lineup/index.html,source-pet-dog-006,verified_active,公式ラインアップで歯の健康1歳からを確認。
pet-dog-007,dog-ビューティープロ-ドッグ-おなかの健康-1歳から,ビューティープロ ドッグ おなかの健康 1歳から,,dog,dog,,,,,,,,brand-ビューティープロ,ビューティープロ,日本ペットフード,dog_food,dog_dry_food,food,verified_active,false,https://www.npf.co.jp/beautypro/dog/lineup/index.html,source-pet-dog-007,verified_active,公式ラインアップでおなかの健康1歳からを確認。
pet-dog-008,dog-ビューティープロ-ドッグ-食物アレルゲンに配慮-1歳から,ビューティープロ ドッグ 食物アレルゲンに配慮 1歳から,,dog,dog,,,,,,,,brand-ビューティープロ,ビューティープロ,日本ペットフード,dog_food,dog_dry_food,food,verified_active,false,https://www.npf.co.jp/beautypro/dog/lineup/index.html,source-pet-dog-008,verified_active,公式ラインアップで食物アレルゲンに配慮1歳からを確認。
pet-dog-009,dog-ビューティープロ-ドッグ-食物アレルゲンに配慮-10歳以上,ビューティープロ ドッグ 食物アレルゲンに配慮 10歳以上,,dog,dog,,,senior,senior,,,,brand-ビューティープロ,ビューティープロ,日本ペットフード,dog_food,dog_dry_food,food,verified_active,false,https://www.npf.co.jp/beautypro/dog/lineup/index.html,source-pet-dog-009,verified_active,公式ラインアップで食物アレルゲンに配慮10歳以上を確認。
pet-dog-010,dog-ビューティープロ-ドッグ-大粒タイプ-1歳から,ビューティープロ ドッグ 大粒タイプ 1歳から,,dog,dog,,large,,,,,,brand-ビューティープロ,ビューティープロ,日本ペットフード,dog_food,dog_dry_food,food,verified_active,false,https://www.npf.co.jp/beautypro/dog/lineup/index.html,source-pet-dog-010,verified_active,公式ラインアップで大粒タイプ1歳からを確認。
pet-dog-011,dog-ビューティープロ-ドッグ-パウダフル-成犬用,ビューティープロ ドッグ パウダフル 成犬用,,dog,dog,,,adult,adult,,,,brand-ビューティープロ,ビューティープロ,日本ペットフード,dog_food,dog_dry_food,food,verified_active,false,https://www.npf.co.jp/dog-products/beautypro-dry,source-pet-dog-011,verified_active,日本ペットフード公式商品一覧でビューティープロ ドッグ パウダフル 成犬用を確認。
pet-dog-012,dog-ビューティープロ-ドッグ-パウダフル-10歳以上,ビューティープロ ドッグ パウダフル 10歳以上,,dog,dog,,,senior,senior,,,,brand-ビューティープロ,ビューティープロ,日本ペットフード,dog_food,dog_dry_food,food,not_found_official,false,https://www.npf.co.jp/dog-products/beautypro-dry,source-pet-dog-012,not_found_official,日本ペットフード公式現行商品一覧にビューティープロ ドッグ パウダフル 10歳以上を確認できない。
pet-dog-013,dog-コンボ-ドッグ-子犬用,コンボ ドッグ 子犬用,,dog,dog,,,juvenile,juvenile,,,,brand-コンボ,コンボ,日本ペットフード,dog_food,dog_dry_food,food,not_found_official,false,https://www.npf.co.jp/dog-products/combo_dry,source-pet-dog-013,not_found_official,公式現行コンボ ドッグ一覧に子犬用の掲載を確認できない。終売または名称変更候補。
pet-dog-014,dog-コンボ-ドッグ-7歳以上,コンボ ドッグ 7歳以上,,dog,dog,,,,,,,,brand-コンボ,コンボ,日本ペットフード,dog_food,dog_dry_food,food,not_found_official,false,https://www.npf.co.jp/dog-products/combo_dry,source-pet-dog-014,not_found_official,公式現行コンボ ドッグ一覧に7歳以上の掲載を確認できない。終売または名称変更候補。
pet-dog-015,dog-コンボ-ドッグ-11歳以上,コンボ ドッグ 11歳以上,,dog,dog,,,senior,senior,,,,brand-コンボ,コンボ,日本ペットフード,dog_food,dog_dry_food,food,verified_active,false,https://www.npf.co.jp/dog-products/combo_dry,source-pet-dog-015,verified_active,公式現行コンボ ドッグ一覧で11歳以上を確認。
pet-dog-016,dog-コンボ-ドッグ-低脂肪,コンボ ドッグ 低脂肪,,dog,dog,,,,,,,,brand-コンボ,コンボ,日本ペットフード,dog_food,dog_dry_food,food,verified_active,false,https://www.npf.co.jp/dog-products/combo_dry,source-pet-dog-016,verified_active,公式現行コンボ ドッグ一覧で低脂肪を確認。
pet-dog-017,dog-コンボ-ドッグ-やわらかソフト,コンボ ドッグ やわらかソフト,,dog,dog,,,,,,,,brand-コンボ,コンボ,日本ペットフード,dog_food,dog_dry_food,food,discontinued,false,https://www.npf.co.jp/news/detail/11,source-pet-dog-017,discontinued,日本ペットフード公式の終売告知でコンボ ドッグ やわらかソフトの販売終了を確認。
pet-dog-018,dog-コンボ-ピュア-ドッグ-野菜-厳選チーズ入り,コンボ ピュア ドッグ 野菜・厳選チーズ入り,,dog,dog,,,,,,,,brand-コンボ,コンボ,日本ペットフード,dog_food,dog_dry_food,food,not_found_official,false,https://www.npf.co.jp/dog-products/combo_dry,source-pet-dog-018,not_found_official,日本ペットフード公式現行商品一覧にコンボ ピュア ドッグ 野菜・厳選チーズ入りを確認できない。
pet-dog-019,dog-コンボ-ピュア-ドッグ-鶏肉-野菜入り,コンボ ピュア ドッグ 鶏肉・野菜入り,,dog,dog,,,,,,,,brand-コンボ,コンボ,日本ペットフード,dog_food,dog_dry_food,food,not_found_official,false,https://www.npf.co.jp/dog-products/combo_dry,source-pet-dog-019,not_found_official,日本ペットフード公式現行商品一覧にコンボ ピュア ドッグ 鶏肉・野菜入りを確認できない。
pet-dog-020,dog-コンボ-プレゼント-ドッグ-ドライフード,コンボ プレゼント ドッグ ドライフード,,dog,dog,,,,,,,,brand-コンボ,コンボ,日本ペットフード,dog_food,dog_dry_food,food,not_found_official,false,https://www.npf.co.jp/dog-products/combo_present_oyatsu,source-pet-dog-020,not_found_official,公式カテゴリの表記はコンボプレゼント おやつでありドライフードとしては確認できない。分類誤りまたは終売候補。
pet-dog-021,dog-ビタワン-国産チキンのレシピ-成犬用,ビタワン 国産チキンのレシピ 成犬用,,dog,dog,,,adult,adult,,,,brand-日本ペットフード,日本ペットフード,日本ペットフード,dog_food,dog_dry_food,food,verified_active,false,https://www.npf.co.jp/dog-products/dog-detail/vkc,source-pet-dog-021,verified_active,公式商品ページで国産チキンのレシピ成犬用・犬用・成犬用総合栄養食を確認。
pet-dog-022,dog-ビタワン-もっちりふっくら-ビーフ-野菜入り,ビタワン もっちりふっくら ビーフ・野菜入り,,dog,dog,,,,,,,,brand-日本ペットフード,日本ペットフード,日本ペットフード,dog_food,dog_dry_food,food,not_found_official,false,https://www.npf.co.jp/dog-products/vita_one_dry,source-pet-dog-022,not_found_official,公式現行ビタワン一覧に該当する商品名を確認できない。終売または名称変更候補。
pet-dog-023,dog-ビタワン君-ささみ入りミニ粒,ビタワン君 ささみ入りミニ粒,,dog,dog,,small,,,,,,brand-日本ペットフード,日本ペットフード,日本ペットフード,dog_food,dog_dry_food,food,not_found_official,false,https://www.npf.co.jp/dog-products/vita_one_kun_soft,source-pet-dog-023,not_found_official,公式現行ビタワン君一覧にささみ入りミニ粒を確認できない。終売または名称変更候補。
pet-dog-024,dog-デビフ-ささみ-レバーミンチ-野菜入り,デビフ ささみ＆レバーミンチ 野菜入り,,dog,dog,,,,,,,,brand-デビフ,デビフ,デビフペット,dog_food,dog_wet_food,food,verified_active,false,https://www.dbfpet.co.jp/food-series/canning-150/,source-pet-dog-024,verified_active,公式150g缶シリーズの製品一覧でささみ＆レバーミンチ野菜入りを確認。
pet-dog-025,dog-デビフ-ささみ-レバーミンチ-乳酸菌入り,デビフ ささみ＆レバーミンチ 乳酸菌入り,,dog,dog,,,,,,,,brand-デビフ,デビフ,デビフペット,dog_food,dog_wet_food,food,not_found_official,false,https://www.dbfpet.co.jp/product-info/,source-pet-dog-025,not_found_official,デビフ公式現行商品一覧にささみ＆レバーミンチ 乳酸菌入りを確認できない。
pet-dog-026,dog-デビフ-牛肉ミンチ,デビフ 牛肉ミンチ,,dog,dog,,,,,,,,brand-デビフ,デビフ,デビフペット,dog_food,dog_wet_food,food,not_found_official,false,https://www.dbfpet.co.jp/product-info/,source-pet-dog-026,not_found_official,デビフ公式現行商品一覧に牛肉ミンチを確認できない。
pet-dog-027,dog-デビフ-牛肉ミンチ-野菜入り,デビフ 牛肉ミンチ 野菜入り,,dog,dog,,,,,,,,brand-デビフ,デビフ,デビフペット,dog_food,dog_wet_food,food,not_found_official,false,https://www.dbfpet.co.jp/product-info/,source-pet-dog-027,not_found_official,デビフ公式現行商品一覧に牛肉ミンチ 野菜入りを確認できない。
pet-dog-028,dog-デビフ-馬肉のスープ煮,デビフ 馬肉のスープ煮,,dog,dog,,,,,,,,brand-デビフ,デビフ,デビフペット,dog_food,dog_wet_food,food,not_found_official,false,https://www.dbfpet.co.jp/product-info/,source-pet-dog-028,not_found_official,デビフ公式現行商品一覧に馬肉のスープ煮を確認できない。
pet-dog-029,dog-デビフ-鶏肉-野菜,デビフ 鶏肉＆野菜,,dog,dog,,,,,,,,brand-デビフ,デビフ,デビフペット,dog_food,dog_wet_food,food,not_found_official,false,https://www.dbfpet.co.jp/product-info/,source-pet-dog-029,not_found_official,デビフ公式現行商品一覧に鶏肉＆野菜を確認できない。
pet-dog-030,dog-デビフ-シニア犬の食事-ささみ-すりおろし野菜,デビフ シニア犬の食事 ささみ＆すりおろし野菜,,dog,dog,,,senior,senior,,,,brand-デビフ,デビフ,デビフペット,dog_food,dog_wet_food,food,not_found_official,false,https://www.dbfpet.co.jp/product-info/,source-pet-dog-030,not_found_official,デビフ公式現行商品一覧にシニア犬の食事 ささみ＆すりおろし野菜を確認できない。
pet-dog-031,dog-デビフ-子犬の離乳食,デビフ 子犬の離乳食,,dog,dog,,,juvenile,juvenile,,,,brand-デビフ,デビフ,デビフペット,dog_food,dog_wet_food,food,not_found_official,false,https://www.dbfpet.co.jp/product-info/,source-pet-dog-031,not_found_official,デビフ公式現行商品一覧に子犬の離乳食を確認できない。
pet-dog-032,dog-デビフ-カロリーエースプラス-犬用流動食,デビフ カロリーエースプラス 犬用流動食,,dog,dog,,,,,,,,brand-デビフ,デビフ,デビフペット,dog_food,dog_wet_food,food,not_found_official,false,https://www.dbfpet.co.jp/product-info/,source-pet-dog-032,not_found_official,デビフ公式現行商品一覧にカロリーエースプラス 犬用流動食を確認できない。
pet-dog-033,dog-ちゅ-るごはん-とりささみ,ちゅ〜るごはん とりささみ,,dog,dog,,,,,,,,brand-いなば,いなば,いなばペットフード,dog_food,dog_treat,food,verified_active,false,https://www.inaba-petfood.co.jp/product/dog/,source-pet-dog-033,verified_active,いなば公式ドッグフードカタログでちゅ～るごはんシリーズを確認。
pet-dog-034,dog-ちゅ-るごはん-とりささみ-緑黄色野菜,ちゅ〜るごはん とりささみ・緑黄色野菜,,dog,dog,,,,,,,,brand-いなば,いなば,いなばペットフード,dog_food,dog_treat,food,not_found_official,false,https://www.inaba-petfood.co.jp/product/dog/,source-pet-dog-034,not_found_official,Unicode正規化済みの公式現行カタログでちゅ～るごはん とりささみ・緑黄色野菜を確認できない。
pet-dog-035,dog-ちゅ-る-とりささみ,ちゅ〜る とりささみ,,dog,dog,,,,,,,,brand-いなば,いなば,いなばペットフード,dog_food,dog_treat,food,not_found_official,false,https://www.inaba-petfood.co.jp/product/dog/,source-pet-dog-035,not_found_official,Unicode正規化済みの公式現行カタログでちゅ～る とりささみを確認できない。
pet-dog-036,dog-ちゅ-る-とりささみ-チーズ入り,ちゅ〜る とりささみ チーズ入り,,dog,dog,,,,,,,,brand-いなば,いなば,いなばペットフード,dog_food,dog_treat,food,not_found_official,false,https://www.inaba-petfood.co.jp/product/dog/,source-pet-dog-036,not_found_official,Unicode正規化済みの公式現行カタログでちゅ～る とりささみ チーズ入りを確認できない。
pet-dog-037,dog-ちゅ-る-とりささみ-緑黄色野菜入り,ちゅ〜る とりささみ 緑黄色野菜入り,,dog,dog,,,,,,,,brand-いなば,いなば,いなばペットフード,dog_food,dog_treat,food,not_found_official,false,https://www.inaba-petfood.co.jp/product/dog/,source-pet-dog-037,not_found_official,Unicode正規化済みの公式現行カタログでちゅ～る とりささみ 緑黄色野菜入りを確認できない。
pet-dog-038,dog-ちゅ-るビッツ-とりささみ,ちゅ〜るビッツ とりささみ,,dog,dog,,,,,,,,brand-いなば,いなば,いなばペットフード,dog_food,dog_treat,food,verified_active,false,https://www.inaba-petfood.co.jp/product/dog/,source-pet-dog-038,verified_active,いなば公式ドッグフードカタログでちゅ～るビッツシリーズを確認。
pet-dog-039,dog-ちゅ-るボール-とりささみ,ちゅ〜るボール とりささみ,,dog,dog,,,,,,,,brand-いなば,いなば,いなばペットフード,dog_food,dog_treat,food,verified_active,false,https://www.inaba-petfood.co.jp/product/detail/%E3%81%A1%E3%82%85%EF%BD%9E%E3%82%8B%E3%83%9C%E3%83%BC%E3%83%AB/11036,source-pet-dog-039,verified_active,いなば公式商品ページでちゅ～るボール とりささみ チーズ入りを確認。プロダクトはとりささみとして統合。
pet-dog-040,dog-国産いなば-総合栄養食-チキン-野菜入り,国産いなば 総合栄養食 チキン・野菜入り,,dog,dog,,,,,,,,brand-いなば,いなば,いなばペットフード,dog_food,dog_treat,food,not_found_official,false,https://www.inaba-petfood.co.jp/product/dog/,source-pet-dog-040,not_found_official,Unicode正規化済みの公式現行カタログで国産いなば 総合栄養食 チキン・野菜入りを確認できない。
pet-rabbit-001,rabbit-バニーセレクション-シニア,バニーセレクション シニア,,rabbit,rabbit,,,senior,senior,,,,brand-バニーセレクション,バニーセレクション,イースター,rabbit_food,rabbit_pellet,food,verified_active,false,https://www.yeaster.co.jp/products/rabbitfood/brand/14,source-pet-rabbit-001,verified_active,公式ラインアップでバニーセレクション シニア・うさぎ用・5歳以上を確認。
pet-rabbit-002,rabbit-バニーセレクション-スーパーシニア,バニーセレクション スーパーシニア,,rabbit,rabbit,,,senior,senior,,,,brand-バニーセレクション,バニーセレクション,イースター,rabbit_food,rabbit_pellet,food,verified_active,false,https://www.yeaster.co.jp/products/rabbitfood/brand/14,source-pet-rabbit-002,verified_active,公式ラインアップでバニーセレクション スーパーシニア・うさぎ用・7歳からを確認。
pet-rabbit-003,rabbit-バニーセレクション-ネザーランドドワーフ専用,バニーセレクション ネザーランドドワーフ専用,,rabbit,rabbit,,,,,,,,brand-バニーセレクション,バニーセレクション,イースター,rabbit_food,rabbit_pellet,food,verified_active,false,https://www.yeaster.co.jp/products/rabbitfood/brand/14,source-pet-rabbit-003,verified_active,公式ラインアップでネザーランドドワーフ専用を確認。
pet-rabbit-004,rabbit-バニーセレクション-ロップイヤー専用,バニーセレクション ロップイヤー専用,,rabbit,rabbit,,,,,,,,brand-バニーセレクション,バニーセレクション,イースター,rabbit_food,rabbit_pellet,food,verified_active,false,https://www.yeaster.co.jp/products/rabbitfood/category/77,source-pet-rabbit-004,verified_active,公式一覧でロップイヤー専用を確認。
pet-rabbit-005,rabbit-バニーセレクション-メンテナンス-チモシー,バニーセレクション メンテナンス チモシー,,rabbit,rabbit,,,,,,,,brand-バニーセレクション,バニーセレクション,イースター,rabbit_food,rabbit_pellet,food,verified_active,false,https://www.yeaster.co.jp/products/rabbitfood/item/102,source-pet-rabbit-005,verified_active,イースター公式商品ページでバニーセレクション メンテナンスを確認。チモシー牧草主原料の表記を含むプロダクトとして確認。
pet-rabbit-006,rabbit-バニーセレクション-プロ-グロース,バニーセレクション プロ グロース,,rabbit,rabbit,,,juvenile,juvenile,,,,brand-バニーセレクション,バニーセレクション,イースター,rabbit_food,rabbit_pellet,food,verified_active,false,https://www.yeaster.co.jp/products/rabbitfood/brand/20,source-pet-rabbit-006,verified_active,公式ラインアップでバニーセレクションプロ グロース・生後7ヵ月までを確認。
pet-rabbit-007,rabbit-バニーセレクション-プロ-メンテナンス,バニーセレクション プロ メンテナンス,,rabbit,rabbit,,,,,,,,brand-バニーセレクション,バニーセレクション,イースター,rabbit_food,rabbit_pellet,food,verified_active,false,https://www.yeaster.co.jp/products/rabbitfood/brand/20,source-pet-rabbit-007,verified_active,公式ラインアップでバニーセレクションプロ メンテナンス・生後7ヵ月以上を確認。
pet-rabbit-008,rabbit-バニーセレクション-プロ-シニア,バニーセレクション プロ シニア,,rabbit,rabbit,,,senior,senior,,,,brand-バニーセレクション,バニーセレクション,イースター,rabbit_food,rabbit_pellet,food,verified_active,false,https://www.yeaster.co.jp/products/rabbitfood/brand/20,source-pet-rabbit-008,verified_active,公式ラインアップでバニーセレクションプロ シニア・5歳以上を確認。
pet-rabbit-009,rabbit-チモシーの恵,チモシーの恵,,rabbit,rabbit,,,,,,,,brand-ハイペット,ハイペット,ハイペット,rabbit_food,rabbit_hay_treat,food,verified_active,false,https://www.hipet.co.jp/product/%E3%83%81%E3%83%A2%E3%82%B7%E3%83%BC%E3%81%AE%E6%81%B5/,source-pet-rabbit-009,verified_active,ハイペット公式商品ページでチモシーの恵を確認。
pet-rabbit-010,rabbit-チモシーの恵-フィールド,チモシーの恵 フィールド,,rabbit,rabbit,,,,,,,,brand-ハイペット,ハイペット,ハイペット,rabbit_food,rabbit_hay_treat,food,not_found_official,false,https://www.hipet.co.jp/product/%E3%83%81%E3%83%A2%E3%82%B7%E3%83%BC%E3%81%AE%E6%81%B5/,source-pet-rabbit-010,not_found_official,ハイペット公式現行商品ページと公式サイト検索にチモシーの恵 フィールドを確認できない。
pet-rabbit-011,rabbit-うさぎのきわみ,うさぎのきわみ,,rabbit,rabbit,,,,,,,,brand-ハイペット,ハイペット,ハイペット,rabbit_food,rabbit_hay_treat,food,verified_active,false,https://www.hipet.co.jp/product/%E3%81%86%E3%81%95%E3%81%8E%E3%81%AE%E3%81%8D%E3%82%8F%E3%81%BF-850g/,source-pet-rabbit-011,verified_active,ハイペット公式商品ページでうさぎのきわみを確認。容量違いは統合。
pet-rabbit-012,rabbit-うさぎのきわみ-トリーツ毛玉ケア,うさぎのきわみ トリーツ毛玉ケア,,rabbit,rabbit,,,,,,,,brand-ハイペット,ハイペット,ハイペット,rabbit_food,rabbit_hay_treat,food,verified_active,false,https://www.hipet.co.jp/en/product/%E8%8B%B1%E8%AA%9E%E3%80%80%E3%81%86%E3%81%95%E3%81%8E%E3%81%AE%E3%81%8D%E3%82%8F%E3%81%BF%E3%83%88%E3%83%AA%E3%83%BC%E3%83%84%E6%AF%9B%E7%8E%89%E3%82%B1%E3%82%A2%E3%80%80%EF%BC%91%EF%BC%90%EF%BC%90/,source-pet-rabbit-012,verified_active,ハイペット公式商品ページでうさぎのきわみ トリーツ毛玉ケアを確認。
pet-rabbit-013,rabbit-パスチャーチモシー,パスチャーチモシー,,rabbit,rabbit,,,,,,,,brand-ハイペット,ハイペット,ハイペット,rabbit_food,rabbit_hay_treat,food,verified_active,false,https://www.hipet.co.jp/product/%E3%83%91%E3%82%B9%E3%83%81%E3%83%A3%E3%83%BC%E3%83%81%E3%83%A2%E3%82%B7%E3%83%BC/,source-pet-rabbit-013,verified_active,ハイペット公式商品ページでパスチャーチモシーを確認。
pet-rabbit-014,rabbit-パスチャーアルファルファ,パスチャーアルファルファ,,rabbit,rabbit,,,,,,,,brand-ハイペット,ハイペット,ハイペット,rabbit_food,rabbit_hay_treat,food,verified_active,false,https://www.hipet.co.jp/product/%E3%83%91%E3%82%B9%E3%83%81%E3%83%A3%E3%83%BC%E3%82%A2%E3%83%AB%E3%83%95%E3%82%A1%E3%83%AB%E3%83%95%E3%82%A1/,source-pet-rabbit-014,verified_active,ハイペット公式商品ページでパスチャーアルファルファを確認。
pet-rabbit-015,rabbit-恵-バイタルラビット,恵 バイタルラビット,,rabbit,rabbit,,,,,,,,brand-ハイペット,ハイペット,ハイペット,rabbit_food,rabbit_hay_treat,food,verified_active,false,https://www.hipet.co.jp/product/%E6%81%B5%E3%83%90%E3%82%A4%E3%82%BF%E3%83%AB%E3%83%A9%E3%83%93%E3%83%83%E3%83%88300g/,source-pet-rabbit-015,verified_active,ハイペット公式商品ページで恵バイタルラビットを確認。
pet-rabbit-016,rabbit-うさぎのヘルシープレミアム,うさぎのヘルシープレミアム,,rabbit,rabbit,,,,,,,,brand-ハイペット,ハイペット,ハイペット,rabbit_food,rabbit_hay_treat,food,not_found_official,false,https://www.hipet.co.jp/,source-pet-rabbit-016,not_found_official,ハイペット公式現行商品ページと公式サイト検索にうさぎのヘルシープレミアムを確認できない。
pet-rabbit-017,rabbit-ラビジョン-ラビットフード-オールステージ,ラビジョン ラビットフード オールステージ,,rabbit,rabbit,,,,,,,,brand-日本ペットフード,日本ペットフード,日本ペットフード,rabbit_food,rabbit_pellet,food,verified_active,false,https://www.npf.co.jp/lovision/index.html,source-pet-rabbit-017,verified_active,公式ブランドページでラビジョン ラビットフード オールステージを確認。
pet-rabbit-018,rabbit-ラビジョン-ラビットフード-5歳からのシニア,ラビジョン ラビットフード 5歳からのシニア,,rabbit,rabbit,,,senior,senior,,,,brand-日本ペットフード,日本ペットフード,日本ペットフード,rabbit_food,rabbit_pellet,food,verified_active,false,https://www.npf.co.jp/lovision/index.html,source-pet-rabbit-018,verified_active,公式ブランドページでラビジョン ラビットフード 5歳からのシニアを確認。
pet-rabbit-019,rabbit-ラビットフード-コンフィデンス,ラビットフード コンフィデンス,,rabbit,rabbit,,,,,,,,brand-日本ペットフード,日本ペットフード,日本ペットフード,rabbit_food,rabbit_pellet,food,not_found_official,false,https://www.npf.co.jp/smallanimal-products/rabbit,source-pet-rabbit-019,not_found_official,日本ペットフード公式現行うさぎフード一覧にラビットフード コンフィデンスを確認できない。
pet-rabbit-020,rabbit-ラビットフード-ヘルシープレミアム,ラビットフード ヘルシープレミアム,,rabbit,rabbit,,,,,,,,brand-日本ペットフード,日本ペットフード,日本ペットフード,rabbit_food,rabbit_pellet,food,discontinued,false,https://www.npf.co.jp/news,source-pet-rabbit-020,discontinued,日本ペットフード公式お知らせ一覧でラビットフード ヘルシープレミアムの終売告知を確認。
pet-rabbit-021,rabbit-ラビットフード-チモシー,ラビットフード チモシー,,rabbit,rabbit,,,,,,,,brand-日本ペットフード,日本ペットフード,日本ペットフード,rabbit_food,rabbit_pellet,food,not_found_official,false,https://www.npf.co.jp/smallanimal-products/rabbit,source-pet-rabbit-021,not_found_official,日本ペットフード公式現行うさぎフード一覧にラビットフード チモシーを確認できない。
pet-small_mammal-001,small_mammal-ひかりハムハム,ひかりハムハム,,small_mammal,,,,,,,,,brand-キョーリン,キョーリン,キョーリン,small_mammal_food,hamster_food,food,verified_active,false,https://www.kyorin-net.co.jp/animal/an06.html,source-pet-small_mammal-001,verified_active,公式商品ページでひかりハムハム・全ハムスター用・全年齢対応完全栄養食を確認。
pet-small_mammal-002,small_mammal-ひかりハムハム-寿,ひかりハムハム 寿,,small_mammal,,,,,,,,,brand-キョーリン,キョーリン,キョーリン,small_mammal_food,hamster_food,food,not_found_official,false,https://www.kyorin-net.co.jp/product/index.html,source-pet-small_mammal-002,not_found_official,キョーリン公式現行商品一覧にひかりハムハム 寿を確認できない。
pet-small_mammal-003,small_mammal-ひかりハムハム-クッキー,ひかりハムハム クッキー,,small_mammal,,,,,,,,,brand-キョーリン,キョーリン,キョーリン,small_mammal_food,hamster_food,food,not_found_official,false,https://www.kyorin-net.co.jp/product/index.html,source-pet-small_mammal-003,not_found_official,キョーリン公式現行商品一覧にひかりハムハム クッキーを確認できない。
pet-small_mammal-004,small_mammal-ハムスターの主食,ハムスターの主食,,small_mammal,hamster,,,,,,,,brand-キョーリン,キョーリン,キョーリン,small_mammal_food,hamster_food,food,not_found_official,false,https://www.kyorin-net.co.jp/product/index.html,source-pet-small_mammal-004,not_found_official,キョーリン公式現行商品一覧にハムスターの主食を確認できない。
pet-small_mammal-005,small_mammal-ハムスターの主食-スペシャル,ハムスターの主食 スペシャル,,small_mammal,hamster,,,,,,,,brand-キョーリン,キョーリン,キョーリン,small_mammal_food,hamster_food,food,not_found_official,false,https://www.kyorin-net.co.jp/product/index.html,source-pet-small_mammal-005,not_found_official,キョーリン公式現行商品一覧にハムスターの主食 スペシャルを確認できない。
pet-small_mammal-006,small_mammal-ハムスターのまんま,ハムスターのまんま,,small_mammal,hamster,,,,,,,,brand-キョーリン,キョーリン,キョーリン,small_mammal_food,hamster_food,food,not_found_official,false,https://www.kyorin-net.co.jp/product/index.html,source-pet-small_mammal-006,not_found_official,キョーリン公式現行商品一覧にハムスターのまんまを確認できない。
pet-small_mammal-007,small_mammal-ハムスターのまんま-スペシャル,ハムスターのまんま スペシャル,,small_mammal,hamster,,,,,,,,brand-キョーリン,キョーリン,キョーリン,small_mammal_food,hamster_food,food,not_found_official,false,https://www.kyorin-net.co.jp/product/index.html,source-pet-small_mammal-007,not_found_official,キョーリン公式現行商品一覧にハムスターのまんま スペシャルを確認できない。
pet-small_mammal-008,small_mammal-リックゼリー,リックゼリー,,small_mammal,,,,,,,,,brand-キョーリン,キョーリン,キョーリン,small_mammal_food,hamster_food,food,verified_active,false,https://www.kyorin-net.co.jp/product/index.html,source-pet-small_mammal-008,verified_active,キョーリン公式商品一覧でリックゼリーを確認。
pet-small_mammal-009,small_mammal-ひかりハリネズ,ひかりハリネズ,,small_mammal,,,,,,,,,brand-キョーリン,キョーリン,キョーリン,small_mammal_food,hamster_food,food,verified_active,false,https://www.kyorin-net.co.jp/animal/index.html,source-pet-small_mammal-009,verified_active,公式小動物用飼料一覧でひかりハリネズを確認。
pet-small_mammal-010,small_mammal-ひかりハリネズ-群れのごちそう,ひかりハリネズ 群れのごちそう,,small_mammal,,,,,,,,,brand-キョーリン,キョーリン,キョーリン,small_mammal_food,hamster_food,food,not_found_official,false,https://www.kyorin-net.co.jp/product/index.html,source-pet-small_mammal-010,not_found_official,キョーリン公式現行商品一覧にひかりハリネズ 群れのごちそうを確認できない。
pet-small_mammal-011,small_mammal-ハムスターセレクション,ハムスターセレクション,,small_mammal,hamster,,,,,,,,brand-イースター,イースター,イースター,small_mammal_food,small_mammal_pellet,food,verified_active,false,https://www.yeaster.co.jp/products/smallanimalfood/brand/15,source-pet-small_mammal-011,verified_active,公式ラインアップでハムスターセレクションを確認。
pet-small_mammal-012,small_mammal-ハムスターセレクション-パフォーマンス,ハムスターセレクション パフォーマンス,,small_mammal,hamster,,,,,,,,brand-イースター,イースター,イースター,small_mammal_food,small_mammal_pellet,food,not_found_official,false,https://www.yeaster.co.jp/products/smallanimalfood/brand/15,source-pet-small_mammal-012,not_found_official,イースター公式現行ラインアップにハムスターセレクション パフォーマンスを確認できない。
pet-small_mammal-013,small_mammal-モルモットセレクション-シニア,モルモットセレクション シニア,,small_mammal,guinea_pig,,,senior,senior,,,,brand-イースター,イースター,イースター,small_mammal_food,small_mammal_pellet,food,not_found_official,false,https://www.yeaster.co.jp/products/smallanimalfood/brand/15,source-pet-small_mammal-013,not_found_official,イースター公式現行ラインアップにモルモットセレクション シニアを確認できない。
pet-small_mammal-014,small_mammal-モルモットセレクション-プロ,モルモットセレクション プロ,,small_mammal,guinea_pig,,,,,,,,brand-イースター,イースター,イースター,small_mammal_food,small_mammal_pellet,food,verified_active,false,https://www.yeaster.co.jp/news/detail/62,source-pet-small_mammal-014,verified_active,公式新商品案内でモルモットセレクションプロを確認。
pet-small_mammal-015,small_mammal-チンチラセレクション-プロ,チンチラセレクション プロ,,small_mammal,chinchilla,,,,,,,,brand-イースター,イースター,イースター,small_mammal_food,small_mammal_pellet,food,verified_active,false,https://www.yeaster.co.jp/news/detail/62,source-pet-small_mammal-015,verified_active,公式新商品案内でチンチラセレクションプロを確認。
pet-small_mammal-016,small_mammal-デグーセレクション-プロ,デグーセレクション プロ,,small_mammal,degu,,,,,,,,brand-イースター,イースター,イースター,small_mammal_food,small_mammal_pellet,food,verified_active,false,https://www.yeaster.co.jp/news/detail/62,source-pet-small_mammal-016,verified_active,公式新商品案内でデグーセレクションプロを確認。
pet-small_mammal-017,small_mammal-ハリネズミセレクション,ハリネズミセレクション,,small_mammal,hedgehog,,,,,,,,brand-イースター,イースター,イースター,small_mammal_food,small_mammal_pellet,food,verified_active,false,https://www.yeaster.co.jp/products/smallanimalfood/brand/15,source-pet-small_mammal-017,verified_active,公式ラインアップでハリネズミセレクションを確認。
pet-small_mammal-018,small_mammal-ハムスターの主食-ミックスフード,ハムスターの主食 ミックスフード,,small_mammal,hamster,,,,,,,,brand-マルカン,マルカン,マルカン,small_mammal_food,small_mammal_food,food,not_found_official,false,https://page.mkgr.jp/product/category-1425/,source-pet-small_mammal-018,not_found_official,マルカン公式現行ミニマルPRO一覧にハムスターの主食 ミックスフードを確認できない。現行掲載はリス・ハムの主食ミックスフードPRO。
pet-small_mammal-019,small_mammal-ハムスターの主食-おいしい野菜ミックス,ハムスターの主食 おいしい野菜ミックス,,small_mammal,hamster,,,,,,,,brand-マルカン,マルカン,マルカン,small_mammal_food,small_mammal_food,food,not_found_official,false,https://page.mkgr.jp/product/category-1425/,source-pet-small_mammal-019,not_found_official,マルカン公式現行ミニマルPRO一覧にハムスターの主食 おいしい野菜ミックスを確認できない。
pet-small_mammal-020,small_mammal-ハムスターの主食-おいしい穀物ミックス,ハムスターの主食 おいしい穀物ミックス,,small_mammal,hamster,,,,,,,,brand-マルカン,マルカン,マルカン,small_mammal_food,small_mammal_food,food,not_found_official,false,https://page.mkgr.jp/product/category-1425/,source-pet-small_mammal-020,not_found_official,マルカン公式現行ミニマルPRO一覧にハムスターの主食 おいしい穀物ミックスを確認できない。
pet-small_mammal-021,small_mammal-リス-ハムの主食-ミックスフード,リス・ハムの主食 ミックスフード,,small_mammal,squirrel,,,,,,,,brand-マルカン,マルカン,マルカン,small_mammal_food,small_mammal_food,food,verified_active,false,https://page.mkgr.jp/?p=3937,source-pet-small_mammal-021,verified_active,マルカン公式商品ページでリス・ハムの主食ミックスフードを確認。容量違いは統合。
pet-small_mammal-022,small_mammal-モルモットの主食,モルモットの主食,,small_mammal,guinea_pig,,,,,,,,brand-マルカン,マルカン,マルカン,small_mammal_food,small_mammal_food,food,not_found_official,false,https://page.mkgr.jp/product/small_animals/category-1342/,source-pet-small_mammal-022,not_found_official,マルカン公式現行小動物フード一覧にモルモットの主食を確認できない。現行掲載はモルモットの主食逸品グルメ。
pet-small_mammal-023,small_mammal-チンチラの主食,チンチラの主食,,small_mammal,chinchilla,,,,,,,,brand-マルカン,マルカン,マルカン,small_mammal_food,small_mammal_food,food,not_found_official,false,https://page.mkgr.jp/product/small_animals/category-1342/,source-pet-small_mammal-023,not_found_official,マルカン公式現行小動物フード一覧にチンチラの主食を確認できない。現行掲載はチンチラの主食逸品グルメ。
pet-small_mammal-024,small_mammal-デグーの主食,デグーの主食,,small_mammal,degu,,,,,,,,brand-マルカン,マルカン,マルカン,small_mammal_food,small_mammal_food,food,not_found_official,false,https://page.mkgr.jp/product/small_animals/category-1342/,source-pet-small_mammal-024,not_found_official,マルカン公式現行小動物フード一覧にデグーの主食を確認できない。現行掲載はデグーの主食逸品グルメ。
pet-small_mammal-025,small_mammal-ハリネズミの主食,ハリネズミの主食,,small_mammal,hedgehog,,,,,,,,brand-マルカン,マルカン,マルカン,small_mammal_food,small_mammal_food,food,not_found_official,false,https://page.mkgr.jp/product/small_animals/category-1342/,source-pet-small_mammal-025,not_found_official,マルカン公式現行小動物フード一覧にハリネズミの主食を確認できない。現行掲載はハリネズミの主食逸品グルメおよびトリプルバランス。
pet-small_mammal-026,small_mammal-小動物の果実ミックス,小動物の果実ミックス,,small_mammal,,,,,,,,,brand-マルカン,マルカン,マルカン,small_mammal_food,small_mammal_food,food,not_found_official,false,https://page.mkgr.jp/product/category-1425/,source-pet-small_mammal-026,not_found_official,マルカン公式現行ミニマルPRO一覧に小動物の果実ミックスを確認できない。現行掲載はフルーツミックスPRO。
pet-small_mammal-027,small_mammal-小動物の野菜ミックス,小動物の野菜ミックス,,small_mammal,,,,,,,,,brand-マルカン,マルカン,マルカン,small_mammal_food,small_mammal_food,food,not_found_official,false,https://page.mkgr.jp/product/category-1425/,source-pet-small_mammal-027,not_found_official,マルカン公式現行ミニマルPRO一覧に小動物の野菜ミックスを確認できない。
pet-bird-001,bird-キラピピ-インコ-小粒,キラピピ インコ 小粒,,bird,parakeet,,small,,,,,,brand-キラピピ,キラピピ,キョーリン,bird_food,bird_pellet,food,verified_active,false,https://www.kyorin-net.co.jp/bird/index.html,source-pet-bird-001,verified_active,公式鳥用飼料一覧でキラピピ インコ小粒を確認。セキセイインコ・小型インコ向け。
pet-bird-002,bird-キラピピ-インコ-中粒,キラピピ インコ 中粒,,bird,parakeet,,,,,,,,brand-キラピピ,キラピピ,キョーリン,bird_food,bird_pellet,food,verified_active,false,https://www.kyorin-net.co.jp/bird/index.html,source-pet-bird-002,verified_active,公式鳥用飼料一覧でキラピピ インコ中粒を確認。オカメインコ・中型インコ向け。
pet-bird-003,bird-キラピピ-フィンチ-小粒,キラピピ フィンチ 小粒,,bird,finch,,small,,,,,,brand-キラピピ,キラピピ,キョーリン,bird_food,bird_pellet,food,not_found_official,false,https://www.kyorin-net.co.jp/bird/bird05.html,source-pet-bird-003,not_found_official,公式現行ラインアップはキラピピ フィンチのみで小粒バリアントを確認できない。容量・粒径の別表記候補として通常マスタから除外候補。
pet-bird-004,bird-キラピピ-フィンチ-中粒,キラピピ フィンチ 中粒,,bird,finch,,,,,,,,brand-キラピピ,キラピピ,キョーリン,bird_food,bird_pellet,food,not_found_official,false,https://www.kyorin-net.co.jp/bird/bird05.html,source-pet-bird-004,not_found_official,公式現行ラインアップはキラピピ フィンチのみで中粒バリアントを確認できない。容量・粒径の別表記候補として通常マスタから除外候補。
pet-bird-005,bird-キラピピ-手乗り文鳥,キラピピ 手乗り文鳥,,bird,java_sparrow,,,,,,,,brand-キラピピ,キラピピ,キョーリン,bird_food,bird_pellet,food,not_found_official,false,https://www.kyorin-net.co.jp/product/index.html,source-pet-bird-005,not_found_official,キョーリン公式現行商品一覧にキラピピ 手乗り文鳥を確認できない。キラピピ フィンチへの統合候補。
pet-bird-006,bird-キラピピ-セキセイインコ,キラピピ セキセイインコ,,bird,budgerigar,,,,,,,,brand-キラピピ,キラピピ,キョーリン,bird_food,bird_pellet,food,not_found_official,false,https://www.kyorin-net.co.jp/bird/index.html,source-pet-bird-006,not_found_official,公式現行名称はキラピピ インコ小粒でありセキセイインコは対象種。別プロダクト名としては確認できないため重複候補。
pet-bird-007,bird-キラピピ-オカメインコ,キラピピ オカメインコ,,bird,cockatiel,,,,,,,,brand-キラピピ,キラピピ,キョーリン,bird_food,bird_pellet,food,not_found_official,false,https://www.kyorin-net.co.jp/bird/index.html,source-pet-bird-007,not_found_official,公式現行名称はキラピピ インコ中粒でありオカメインコは対象種。別プロダクト名としては確認できないため重複候補。
pet-bird-008,bird-キラピピ-コザクラインコ,キラピピ コザクラインコ,,bird,lovebird,,,,,,,,brand-キラピピ,キラピピ,キョーリン,bird_food,bird_pellet,food,not_found_official,false,https://www.kyorin-net.co.jp/bird/index.html,source-pet-bird-008,not_found_official,公式現行名称はキラピピ インコ小粒でありコザクラインコは対象種。別プロダクト名としては確認できないため重複候補。
pet-bird-009,bird-ひかり-鳥のエサ,ひかり 鳥のエサ,,bird,,,,,,,,,brand-キョーリン,キョーリン,キョーリン,bird_food,bird_pellet,food,not_found_official,false,https://www.kyorin-net.co.jp/product/index.html,source-pet-bird-009,not_found_official,キョーリン公式現行商品一覧にひかり 鳥のエサを確認できない。
pet-bird-010,bird-ひかり-鳥のエサ-皮つき,ひかり 鳥のエサ 皮つき,,bird,,,,,,,,,brand-キョーリン,キョーリン,キョーリン,bird_food,bird_pellet,food,not_found_official,false,https://www.kyorin-net.co.jp/product/index.html,source-pet-bird-010,not_found_official,キョーリン公式現行商品一覧にひかり 鳥のエサ 皮つきを確認できない。
pet-bird-011,bird-エクセル-十姉妹,エクセル 十姉妹,,bird,finch,,,,,,,,brand-エクセル,エクセル,日本ペットフード,bird_food,bird_seed_food,food,not_found_official,false,https://www.npf.co.jp/smallanimal-products/birdfood,source-pet-bird-011,not_found_official,日本ペットフード公式現行鳥フード一覧にエクセル 十姉妹を確認できない。
pet-bird-012,bird-エクセル-オカメインコ,エクセル オカメインコ,,bird,cockatiel,,,,,,,,brand-エクセル,エクセル,日本ペットフード,bird_food,bird_seed_food,food,not_found_official,false,https://www.npf.co.jp/smallanimal-products/birdfood,source-pet-bird-012,not_found_official,日本ペットフード公式現行鳥フード一覧にエクセル オカメインコを確認できない。
pet-bird-013,bird-エクセル-中型インコ,エクセル 中型インコ,,bird,medium_parrot,,,,,,,,brand-エクセル,エクセル,日本ペットフード,bird_food,bird_seed_food,food,not_found_official,false,https://www.npf.co.jp/smallanimal-products/birdfood,source-pet-bird-013,not_found_official,日本ペットフード公式現行鳥フード一覧にエクセル 中型インコを確認できない。
pet-bird-014,bird-エクセル-大型インコ,エクセル 大型インコ,,bird,large_parrot,,large,,,,,,brand-エクセル,エクセル,日本ペットフード,bird_food,bird_seed_food,food,not_found_official,false,https://www.npf.co.jp/smallanimal-products/birdfood,source-pet-bird-014,not_found_official,日本ペットフード公式現行鳥フード一覧にエクセル 大型インコを確認できない。
pet-bird-015,bird-エクセル-カナリア,エクセル カナリア,,bird,canary,,,,,,,,brand-エクセル,エクセル,日本ペットフード,bird_food,bird_seed_food,food,not_found_official,false,https://www.npf.co.jp/smallanimal-products/birdfood,source-pet-bird-015,not_found_official,日本ペットフード公式現行鳥フード一覧にエクセル カナリアを確認できない。
pet-bird-016,bird-エクセル-鳩,エクセル 鳩,,bird,pigeon,,,,,,,,brand-エクセル,エクセル,日本ペットフード,bird_food,bird_seed_food,food,not_found_official,false,https://www.npf.co.jp/smallanimal-products/birdfood,source-pet-bird-016,not_found_official,日本ペットフード公式現行鳥フード一覧にエクセル 鳩を確認できない。
pet-bird-017,bird-エクセル-バードフード,エクセル バードフード,,bird,,,,,,,,,brand-エクセル,エクセル,日本ペットフード,bird_food,bird_seed_food,food,not_found_official,false,https://www.npf.co.jp/smallanimal-products/birdfood,source-pet-bird-017,not_found_official,日本ペットフード公式現行鳥フード一覧にエクセル バードフードを確認できない。
pet-bird-018,bird-エクセル-皮つき餌,エクセル 皮つき餌,,bird,,,,,,,,,brand-エクセル,エクセル,日本ペットフード,bird_food,bird_seed_food,food,not_found_official,false,https://www.npf.co.jp/smallanimal-products/birdfood,source-pet-bird-018,not_found_official,日本ペットフード公式現行鳥フード一覧にエクセル 皮つき餌を確認できない。
pet-bird-019,bird-小鳥の主食-セキセイインコ,小鳥の主食 セキセイインコ,,bird,budgerigar,,,,,,,,brand-マルカン,マルカン,マルカン,bird_food,bird_treat,food,not_found_official,false,https://page.mkgr.jp/product/bird/category-1341/,source-pet-bird-019,not_found_official,マルカン公式現行小鳥フード一覧に小鳥の主食 セキセイインコを確認できない。
pet-bird-020,bird-小鳥の主食-文鳥,小鳥の主食 文鳥,,bird,java_sparrow,,,,,,,,brand-マルカン,マルカン,マルカン,bird_food,bird_treat,food,not_found_official,false,https://page.mkgr.jp/product/bird/category-1341/,source-pet-bird-020,not_found_official,マルカン公式現行小鳥フード一覧に小鳥の主食 文鳥を確認できない。
pet-bird-021,bird-小鳥の主食-オカメインコ,小鳥の主食 オカメインコ,,bird,cockatiel,,,,,,,,brand-マルカン,マルカン,マルカン,bird_food,bird_treat,food,not_found_official,false,https://page.mkgr.jp/product/bird/category-1341/,source-pet-bird-021,not_found_official,マルカン公式現行小鳥フード一覧に小鳥の主食 オカメインコを確認できない。
pet-bird-022,bird-小鳥の主食-中型インコ,小鳥の主食 中型インコ,,bird,medium_parrot,,,,,,,,brand-マルカン,マルカン,マルカン,bird_food,bird_treat,food,not_found_official,false,https://page.mkgr.jp/product/bird/category-1341/,source-pet-bird-022,not_found_official,マルカン公式現行小鳥フード一覧に小鳥の主食 中型インコを確認できない。
pet-bird-023,bird-小鳥の主食-大型インコ,小鳥の主食 大型インコ,,bird,large_parrot,,large,,,,,,brand-マルカン,マルカン,マルカン,bird_food,bird_treat,food,not_found_official,false,https://page.mkgr.jp/product/bird/category-1341/,source-pet-bird-023,not_found_official,マルカン公式現行小鳥フード一覧に小鳥の主食 大型インコを確認できない。
pet-bird-024,bird-小鳥のおやつ-粟の穂,小鳥のおやつ 粟の穂,,bird,,,,,,,,,brand-マルカン,マルカン,マルカン,bird_food,bird_treat,food,not_found_official,false,https://page.mkgr.jp/product/bird/category-1341/,source-pet-bird-024,not_found_official,マルカン公式現行小鳥フード一覧に小鳥のおやつ 粟の穂を確認できない。
pet-bird-025,bird-小鳥のおやつ-青菜,小鳥のおやつ 青菜,,bird,,,,,,,,,brand-マルカン,マルカン,マルカン,bird_food,bird_treat,food,not_found_official,false,https://page.mkgr.jp/product/bird/category-1341/,source-pet-bird-025,not_found_official,マルカン公式現行小鳥フード一覧に小鳥のおやつ 青菜を確認できない。
pet-bird-026,bird-小鳥のおやつ-ボレー粉,小鳥のおやつ ボレー粉,,bird,,,,,,,,,brand-マルカン,マルカン,マルカン,bird_food,bird_treat,food,not_found_official,false,https://page.mkgr.jp/product/bird/category-1341/,source-pet-bird-026,not_found_official,マルカン公式現行小鳥フード一覧に小鳥のおやつ ボレー粉を確認できない。
pet-aquarium_fish-001,aquarium_fish-ひかりチャッピー,ひかりチャッピー,,aquarium_fish,,,,,,,,,brand-キョーリン,キョーリン,キョーリン,fish_supplies,goldfish_food,food,verified_active,false,https://www.kyorin-net.co.jp/gold/index.html,source-pet-aquarium_fish-001,verified_active,公式金魚用飼料一覧でひかりチャッピーを確認。
pet-aquarium_fish-002,aquarium_fish-リュウキンゴールド,リュウキンゴールド,,aquarium_fish,goldfish,,,,,,,,brand-キョーリン,キョーリン,キョーリン,fish_supplies,goldfish_food,food,verified_active,false,https://www.kyorin-net.co.jp/gold/index.html,source-pet-aquarium_fish-002,verified_active,公式金魚用飼料一覧でリュウキンゴールドを確認。
pet-aquarium_fish-003,aquarium_fish-アイドル,アイドル,,aquarium_fish,,,,,,,,,brand-キョーリン,キョーリン,キョーリン,fish_supplies,goldfish_food,food,verified_active,false,https://www.kyorin-net.co.jp/gold/index.html,source-pet-aquarium_fish-003,verified_active,公式金魚用飼料一覧でアイドルを確認。
pet-aquarium_fish-004,aquarium_fish-ベビーゴールド,ベビーゴールド,,aquarium_fish,,,,juvenile,juvenile,,,,brand-キョーリン,キョーリン,キョーリン,fish_supplies,goldfish_food,food,verified_active,false,https://www.kyorin-net.co.jp/gold/go11.html,source-pet-aquarium_fish-004,verified_active,公式商品ページでベビーゴールドを確認。
pet-aquarium_fish-005,aquarium_fish-プロリア,プロリア,,aquarium_fish,,,,,,,,,brand-キョーリン,キョーリン,キョーリン,fish_supplies,goldfish_food,food,verified_active,false,https://www.kyorin-net.co.jp/gold/index.html,source-pet-aquarium_fish-005,verified_active,公式金魚用飼料一覧でプロリアを確認。
pet-aquarium_fish-006,aquarium_fish-プロリア-色揚,プロリア 色揚,,aquarium_fish,,,,,,,,,brand-キョーリン,キョーリン,キョーリン,fish_supplies,goldfish_food,food,verified_active,false,https://www.kyorin-net.co.jp/gold/index.html,source-pet-aquarium_fish-006,verified_active,公式金魚用飼料一覧でプロリア 色揚を確認。
pet-aquarium_fish-007,aquarium_fish-咲ひかり金魚-色揚用,咲ひかり金魚 色揚用,,aquarium_fish,goldfish,,,,,freshwater,,freshwater,brand-キョーリン,キョーリン,キョーリン,fish_supplies,goldfish_food,food,verified_active,false,https://www.kyorin-net.co.jp/product/index.html,source-pet-aquarium_fish-007,verified_active,キョーリン公式商品一覧で咲ひかり金魚 色揚用を確認。
pet-aquarium_fish-008,aquarium_fish-咲ひかり金魚-艶姿,咲ひかり金魚 艶姿,,aquarium_fish,goldfish,,,,,freshwater,,freshwater,brand-キョーリン,キョーリン,キョーリン,fish_supplies,goldfish_food,food,verified_active,false,https://www.kyorin-net.co.jp/product/index.html,source-pet-aquarium_fish-008,verified_active,キョーリン公式商品一覧で咲ひかり金魚 艶姿を確認。
pet-aquarium_fish-009,aquarium_fish-咲ひかり金魚-育成用,咲ひかり金魚 育成用,,aquarium_fish,goldfish,,,,,freshwater,,freshwater,brand-キョーリン,キョーリン,キョーリン,fish_supplies,goldfish_food,food,verified_active,false,https://www.kyorin-net.co.jp/product/index.html,source-pet-aquarium_fish-009,verified_active,キョーリン公式商品一覧で咲ひかり金魚 育成用を確認。
pet-aquarium_fish-010,aquarium_fish-パラクリア-ディスク,パラクリア ディスク,,aquarium_fish,,,,,,,,,brand-キョーリン,キョーリン,キョーリン,fish_supplies,goldfish_food,food,verified_active,false,https://www.kyorin-net.co.jp/product/index.html,source-pet-aquarium_fish-010,verified_active,キョーリン公式商品一覧でパラクリア ディスクを確認。
pet-aquarium_fish-011,aquarium_fish-ひかりクレスト-テトラ,ひかりクレスト テトラ,,aquarium_fish,tropical_fish,,,,,,,,brand-キョーリン,キョーリン,キョーリン,fish_supplies,tropical_fish_food,food,not_found_official,false,https://www.kyorin-net.co.jp/product/index.html,source-pet-aquarium_fish-011,not_found_official,キョーリン公式現行商品一覧にひかりクレスト テトラを確認できない。
pet-aquarium_fish-012,aquarium_fish-ひかりクレスト-コリドラス,ひかりクレスト コリドラス,,aquarium_fish,tropical_fish,,,,,,,,brand-キョーリン,キョーリン,キョーリン,fish_supplies,tropical_fish_food,food,verified_active,false,https://www.kyorin-net.co.jp/product/index.html,source-pet-aquarium_fish-012,verified_active,キョーリン公式商品一覧でひかりクレスト コリドラスを確認。
pet-aquarium_fish-013,aquarium_fish-ひかりクレスト-プレコ,ひかりクレスト プレコ,,aquarium_fish,tropical_fish,,,,,,,,brand-キョーリン,キョーリン,キョーリン,fish_supplies,tropical_fish_food,food,verified_active,false,https://www.kyorin-net.co.jp/product/index.html,source-pet-aquarium_fish-013,verified_active,キョーリン公式商品一覧でひかりクレスト プレコを確認。
pet-aquarium_fish-014,aquarium_fish-ひかりクレスト-ディスカス,ひかりクレスト ディスカス,,aquarium_fish,tropical_fish,,,,,,,,brand-キョーリン,キョーリン,キョーリン,fish_supplies,tropical_fish_food,food,verified_active,false,https://www.kyorin-net.co.jp/product/index.html,source-pet-aquarium_fish-014,verified_active,キョーリン公式商品一覧でひかりクレスト ディスカスを確認。
pet-aquarium_fish-015,aquarium_fish-ひかりクレスト-グッピー,ひかりクレスト グッピー,,aquarium_fish,tropical_fish,,,,,,,,brand-キョーリン,キョーリン,キョーリン,fish_supplies,tropical_fish_food,food,verified_active,false,https://www.kyorin-net.co.jp/product/index.html,source-pet-aquarium_fish-015,verified_active,キョーリン公式商品一覧でひかりクレスト グッピーを確認。
pet-aquarium_fish-016,aquarium_fish-ひかりクレスト-キャット,ひかりクレスト キャット,,aquarium_fish,,,,,,,,,brand-キョーリン,キョーリン,キョーリン,fish_supplies,tropical_fish_food,food,verified_active,false,https://www.kyorin-net.co.jp/product/index.html,source-pet-aquarium_fish-016,verified_active,キョーリン公式商品一覧でひかりクレスト キャットを確認。
pet-aquarium_fish-017,aquarium_fish-ひかりクレスト-シクリッド,ひかりクレスト シクリッド,,aquarium_fish,tropical_fish,,,,,,,,brand-キョーリン,キョーリン,キョーリン,fish_supplies,tropical_fish_food,food,not_found_official,false,https://www.kyorin-net.co.jp/product/index.html,source-pet-aquarium_fish-017,not_found_official,キョーリン公式現行商品一覧にひかりクレスト シクリッドを確認できない。
pet-aquarium_fish-018,aquarium_fish-ひかりクレスト-ミニキャット,ひかりクレスト ミニキャット,,aquarium_fish,,,small,,,,,,brand-キョーリン,キョーリン,キョーリン,fish_supplies,tropical_fish_food,food,verified_active,false,https://www.kyorin-net.co.jp/product/index.html,source-pet-aquarium_fish-018,verified_active,キョーリン公式商品一覧でひかりクレスト ミニキャットを確認。
pet-aquarium_fish-019,aquarium_fish-ひかりクレスト-フレーク,ひかりクレスト フレーク,,aquarium_fish,,,,,,,,,brand-キョーリン,キョーリン,キョーリン,fish_supplies,tropical_fish_food,food,not_found_official,false,https://www.kyorin-net.co.jp/product/index.html,source-pet-aquarium_fish-019,not_found_official,キョーリン公式現行商品一覧にひかりクレスト フレークを確認できない。
pet-aquarium_fish-020,aquarium_fish-シクリッドエクセル,シクリッドエクセル,,aquarium_fish,tropical_fish,,,,,,,,brand-エクセル,エクセル,キョーリン,fish_supplies,tropical_fish_food,food,verified_active,false,https://www.kyorin-net.co.jp/product/index.html,source-pet-aquarium_fish-020,verified_active,キョーリン公式商品一覧でシクリッドエクセルを確認。
pet-aquarium_fish-021,aquarium_fish-シクリッドバイオゴールド,シクリッドバイオゴールド,,aquarium_fish,tropical_fish,,,,,,,,brand-キョーリン,キョーリン,キョーリン,fish_supplies,tropical_fish_food,food,verified_active,false,https://www.kyorin-net.co.jp/product/index.html,source-pet-aquarium_fish-021,verified_active,キョーリン公式商品一覧でシクリッドバイオゴールドを確認。
pet-aquarium_fish-022,aquarium_fish-ブラッドレッドパロットプラス,ブラッドレッドパロットプラス,,aquarium_fish,,,,,,,,,brand-キョーリン,キョーリン,キョーリン,fish_supplies,tropical_fish_food,food,not_found_official,false,https://www.kyorin-net.co.jp/product/index.html,source-pet-aquarium_fish-022,not_found_official,キョーリン公式現行商品一覧にブラッドレッドパロットプラスを確認できない。
pet-aquarium_fish-023,aquarium_fish-ネオプロス,ネオプロス,,aquarium_fish,,,,,,,,,brand-キョーリン,キョーリン,キョーリン,fish_supplies,tropical_fish_food,food,verified_active,false,https://www.kyorin-net.co.jp/product/index.html,source-pet-aquarium_fish-023,verified_active,キョーリン公式商品一覧でネオプロスを確認。
pet-aquarium_fish-024,aquarium_fish-すくすくメダカ,すくすくメダカ,,aquarium_fish,medaka,,,,,freshwater,,freshwater,brand-キョーリン,キョーリン,キョーリン,fish_supplies,medaka_food,food,verified_active,false,https://www.kyorin-net.co.jp/product/index.html,source-pet-aquarium_fish-024,verified_active,公式メダカ・川魚用飼料一覧ですくすくメダカを確認。
pet-aquarium_fish-025,aquarium_fish-教材メダカのエサ,教材メダカのエサ,,aquarium_fish,medaka,,,,,freshwater,,freshwater,brand-キョーリン,キョーリン,キョーリン,fish_supplies,medaka_food,food,verified_active,false,https://www.kyorin-net.co.jp/product/index.html,source-pet-aquarium_fish-025,verified_active,公式メダカ・川魚用飼料一覧で教材メダカのエサを確認。
pet-aquarium_fish-026,aquarium_fish-メダカのエサ-うきうきフレーク,メダカのエサ うきうきフレーク,,aquarium_fish,medaka,,,,,freshwater,,freshwater,brand-キョーリン,キョーリン,キョーリン,fish_supplies,medaka_food,food,verified_active,false,https://www.kyorin-net.co.jp/product/index.html,source-pet-aquarium_fish-026,verified_active,公式メダカ・川魚用飼料一覧でメダカのエサ うきうきフレークを確認。
pet-aquarium_fish-027,aquarium_fish-教材ちびっこメダカのエサ,教材ちびっこメダカのエサ,,aquarium_fish,medaka,,,,,freshwater,,freshwater,brand-キョーリン,キョーリン,キョーリン,fish_supplies,medaka_food,food,verified_active,false,https://www.kyorin-net.co.jp/product/index.html,source-pet-aquarium_fish-027,verified_active,公式メダカ・川魚用飼料一覧で教材ちびっこメダカのエサを確認。
pet-aquarium_fish-028,aquarium_fish-メダカプロス-ベビー,メダカプロス ベビー,,aquarium_fish,medaka,,,juvenile,juvenile,freshwater,,freshwater,brand-キョーリン,キョーリン,キョーリン,fish_supplies,medaka_food,food,verified_active,false,https://www.kyorin-net.co.jp/product/index.html,source-pet-aquarium_fish-028,verified_active,公式メダカ・川魚用飼料一覧でメダカプロスベビーを確認。
pet-aquarium_fish-029,aquarium_fish-メダカプロス,メダカプロス,,aquarium_fish,medaka,,,,,freshwater,,freshwater,brand-キョーリン,キョーリン,キョーリン,fish_supplies,medaka_food,food,verified_active,false,https://www.kyorin-net.co.jp/fresh/fr12.html,source-pet-aquarium_fish-029,verified_active,公式商品ページでメダカプロスを確認。
pet-aquarium_fish-030,aquarium_fish-メダカプロス-産卵繁殖,メダカプロス 産卵繁殖,,aquarium_fish,medaka,,,,,freshwater,,freshwater,brand-キョーリン,キョーリン,キョーリン,fish_supplies,medaka_food,food,verified_active,false,https://www.kyorin-net.co.jp/product/index.html,source-pet-aquarium_fish-030,verified_active,公式メダカ・川魚用飼料一覧でメダカプロス 産卵繁殖を確認。
pet-aquarium_fish-031,aquarium_fish-メダカプロス-色揚,メダカプロス 色揚,,aquarium_fish,medaka,,,,,freshwater,,freshwater,brand-キョーリン,キョーリン,キョーリン,fish_supplies,medaka_food,food,verified_active,false,https://www.kyorin-net.co.jp/product/index.html,source-pet-aquarium_fish-031,verified_active,公式メダカ・川魚用飼料一覧でメダカプロス色揚を確認。
pet-aquarium_fish-032,aquarium_fish-ひかりメダカフレーク,ひかりメダカフレーク,,aquarium_fish,medaka,,,,,freshwater,,freshwater,brand-キョーリン,キョーリン,キョーリン,fish_supplies,medaka_food,food,verified_active,false,https://www.kyorin-net.co.jp/product/index.html,source-pet-aquarium_fish-032,verified_active,公式メダカ・川魚用飼料一覧でひかりメダカフレークを確認。
pet-aquarium_fish-033,aquarium_fish-メダカベビー-稚魚のエサ-ハイパー育成,メダカベビー 稚魚のエサ ハイパー育成,,aquarium_fish,medaka,,,juvenile,juvenile,freshwater,,freshwater,brand-キョーリン,キョーリン,キョーリン,fish_supplies,medaka_food,food,verified_active,false,https://www.kyorin-net.co.jp/product/index.html,source-pet-aquarium_fish-033,verified_active,公式メダカ・川魚用飼料一覧でメダカベビー・稚魚のエサ ハイパー育成を確認。
pet-aquarium_fish-034,aquarium_fish-メダカ幼魚-ハイパー育成,メダカ幼魚 ハイパー育成,,aquarium_fish,medaka,,,juvenile,juvenile,freshwater,,freshwater,brand-キョーリン,キョーリン,キョーリン,fish_supplies,medaka_food,food,verified_active,false,https://www.kyorin-net.co.jp/product/index.html,source-pet-aquarium_fish-034,verified_active,公式メダカ・川魚用飼料一覧でメダカ幼魚 ハイパー育成を確認。
pet-aquarium_fish-035,aquarium_fish-メダカのエサ-産卵繁殖用,メダカのエサ 産卵繁殖用,,aquarium_fish,medaka,,,,,freshwater,,freshwater,brand-キョーリン,キョーリン,キョーリン,fish_supplies,medaka_food,food,verified_active,false,https://www.kyorin-net.co.jp/product/index.html,source-pet-aquarium_fish-035,verified_active,公式メダカ・川魚用飼料一覧でメダカのエサ 産卵繁殖用を確認。
pet-aquarium_fish-036,aquarium_fish-メダカのエサ-ハイパー色揚,メダカのエサ ハイパー色揚,,aquarium_fish,medaka,,,,,freshwater,,freshwater,brand-キョーリン,キョーリン,キョーリン,fish_supplies,medaka_food,food,verified_active,false,https://www.kyorin-net.co.jp/product/index.html,source-pet-aquarium_fish-036,verified_active,公式メダカ・川魚用飼料一覧でメダカのエサ ハイパー色揚を確認。
pet-aquarium_fish-037,aquarium_fish-メダカのエサ-ハイパー良消化,メダカのエサ ハイパー良消化,,aquarium_fish,medaka,,,,,freshwater,,freshwater,brand-キョーリン,キョーリン,キョーリン,fish_supplies,medaka_food,food,verified_active,false,https://www.kyorin-net.co.jp/product/index.html,source-pet-aquarium_fish-037,verified_active,公式メダカ・川魚用飼料一覧でメダカのエサ ハイパー良消化を確認。
pet-aquarium_fish-038,aquarium_fish-メダカの舞-ベビー,メダカの舞 ベビー,,aquarium_fish,medaka,,,juvenile,juvenile,freshwater,,freshwater,brand-キョーリン,キョーリン,キョーリン,fish_supplies,medaka_food,food,verified_active,false,https://www.kyorin-net.co.jp/product/index.html,source-pet-aquarium_fish-038,verified_active,公式メダカ・川魚用飼料一覧でメダカの舞ベビーを確認。
pet-aquarium_fish-039,aquarium_fish-メダカの舞-ネクスト,メダカの舞 ネクスト,,aquarium_fish,medaka,,,,,freshwater,,freshwater,brand-キョーリン,キョーリン,キョーリン,fish_supplies,medaka_food,food,verified_active,false,https://www.kyorin-net.co.jp/product/index.html,source-pet-aquarium_fish-039,verified_active,公式メダカ・川魚用飼料一覧でメダカの舞ネクストを確認。
pet-aquarium_fish-040,aquarium_fish-メダカの舞-コンプリート,メダカの舞 コンプリート,,aquarium_fish,medaka,,,,,freshwater,,freshwater,brand-キョーリン,キョーリン,キョーリン,fish_supplies,medaka_food,food,verified_active,false,https://www.kyorin-net.co.jp/product/index.html,source-pet-aquarium_fish-040,verified_active,公式メダカ・川魚用飼料一覧でメダカの舞コンプリートを確認。
pet-aquarium_fish-041,aquarium_fish-メダカの舞-ブリード,メダカの舞 ブリード,,aquarium_fish,medaka,,,,,freshwater,,freshwater,brand-キョーリン,キョーリン,キョーリン,fish_supplies,medaka_food,food,verified_active,false,https://www.kyorin-net.co.jp/product/index.html,source-pet-aquarium_fish-041,verified_active,公式メダカ・川魚用飼料一覧でメダカの舞ブリードを確認。
pet-aquarium_fish-042,aquarium_fish-メダカの舞-スーパーオレンジ,メダカの舞 スーパーオレンジ,,aquarium_fish,medaka,,,,,freshwater,,freshwater,brand-キョーリン,キョーリン,キョーリン,fish_supplies,medaka_food,food,verified_active,false,https://www.kyorin-net.co.jp/product/index.html,source-pet-aquarium_fish-042,verified_active,公式メダカ・川魚用飼料一覧でメダカの舞スーパーオレンジを確認。
pet-aquarium_fish-043,aquarium_fish-メダカの舞-メンテナンス,メダカの舞 メンテナンス,,aquarium_fish,medaka,,,,,freshwater,,freshwater,brand-キョーリン,キョーリン,キョーリン,fish_supplies,medaka_food,food,verified_active,false,https://www.kyorin-net.co.jp/product/index.html,source-pet-aquarium_fish-043,verified_active,公式メダカ・川魚用飼料一覧でメダカの舞メンテナンスを確認。
pet-aquarium_fish-044,aquarium_fish-パラクリア-パウダー,パラクリア パウダー,,aquarium_fish,,,,,,,,,brand-キョーリン,キョーリン,キョーリン,fish_supplies,aquarium_water_care,care_or_consumable,verified_active,false,https://www.kyorin-net.co.jp/product/index.html,source-pet-aquarium_fish-044,verified_active,キョーリン公式商品一覧でパラクリア パウダーを確認。
pet-aquarium_fish-045,aquarium_fish-パラクリア-顆粒,パラクリア 顆粒,,aquarium_fish,,,,,,,,,brand-キョーリン,キョーリン,キョーリン,fish_supplies,aquarium_water_care,care_or_consumable,verified_active,false,https://www.kyorin-net.co.jp/product/index.html,source-pet-aquarium_fish-045,verified_active,キョーリン公式商品一覧でパラクリア 顆粒を確認。
pet-aquarium_fish-046,aquarium_fish-ひかりプランクトン,ひかりプランクトン,,aquarium_fish,,,,,,,,,brand-キョーリン,キョーリン,キョーリン,fish_supplies,aquarium_water_care,care_or_consumable,verified_active,false,https://www.kyorin-net.co.jp/product/index.html,source-pet-aquarium_fish-046,verified_active,公式商品一覧でひかりプランクトンを確認。
pet-aquarium_fish-047,aquarium_fish-イージーブライン,イージーブライン,,aquarium_fish,,,,,,,,,brand-キョーリン,キョーリン,キョーリン,fish_supplies,aquarium_water_care,care_or_consumable,verified_active,false,https://www.kyorin-net.co.jp/product/index.html,source-pet-aquarium_fish-047,verified_active,公式商品一覧でイージーブラインを確認。
pet-aquarium_fish-048,aquarium_fish-観賞魚用メチレンブルー液,観賞魚用メチレンブルー液,,aquarium_fish,,,,,,,,,brand-キョーリン,キョーリン,キョーリン,fish_supplies,aquarium_water_care,regulated_or_medicated,verified_active,false,https://www.kyorin-net.co.jp/product/index.html,source-pet-aquarium_fish-048,verified_active,キョーリン公式商品一覧で観賞魚用メチレンブルー液を確認。
pet-aquarium_fish-049,aquarium_fish-ニューグリーンf,ニューグリーンF,,aquarium_fish,,,,,,,,,brand-キョーリン,キョーリン,キョーリン,fish_supplies,aquarium_water_care,regulated_or_medicated,not_found_official,false,https://www.kyorin-net.co.jp/product/index.html,source-pet-aquarium_fish-049,not_found_official,キョーリン公式現行商品一覧にニューグリーンFを確認できない。
pet-aquarium_fish-050,aquarium_fish-グリーンfゴールド顆粒,グリーンFゴールド顆粒,,aquarium_fish,,,,,,,,,brand-キョーリン,キョーリン,キョーリン,fish_supplies,aquarium_water_care,regulated_or_medicated,not_found_official,false,https://www.kyorin-net.co.jp/product/index.html,source-pet-aquarium_fish-050,not_found_official,キョーリン公式現行商品一覧にグリーンFゴールド顆粒を確認できない。
pet-aquarium_fish-051,aquarium_fish-アグテン,アグテン,,aquarium_fish,,,,,,,,,brand-キョーリン,キョーリン,キョーリン,fish_supplies,aquarium_water_care,regulated_or_medicated,not_found_official,false,https://www.kyorin-net.co.jp/product/index.html,source-pet-aquarium_fish-051,not_found_official,キョーリン公式現行商品一覧にアグテンを確認できない。
pet-aquarium_fish-052,aquarium_fish-カミハタ-カルキ抜き,カミハタ カルキ抜き,,aquarium_fish,,,,,,,,,brand-キョーリン,キョーリン,キョーリン,fish_supplies,aquarium_water_care,care_or_consumable,not_found_official,false,https://www.kyorin-net.co.jp/product/index.html,source-pet-aquarium_fish-052,not_found_official,キョーリン公式現行商品一覧にカミハタ カルキ抜きを確認できない。メーカー不整合候補。
pet-aquarium_fish-053,aquarium_fish-ひかりウェーブ-濾材,ひかりウェーブ 濾材,,aquarium_fish,,,,,,,,,brand-キョーリン,キョーリン,キョーリン,fish_supplies,aquarium_water_care,bedding_or_filter_media,not_found_official,false,https://www.kyorin-net.co.jp/product/index.html,source-pet-aquarium_fish-053,not_found_official,キョーリン公式現行商品一覧にひかりウェーブ 濾材を確認できない。
pet-reptile_amphibian-001,reptile_amphibian-カメプロス,カメプロス,,reptile_amphibian,turtle,,,,,,,,brand-キョーリン,キョーリン,キョーリン,reptile_amphibian_supplies,reptile_food,food,verified_active,false,https://www.kyorin-net.co.jp/turtle/index.html,source-pet-reptile_amphibian-001,verified_active,公式両生類・爬虫類用飼料一覧でカメプロスを確認。
pet-reptile_amphibian-002,reptile_amphibian-カメプロス-プレミアム,カメプロス プレミアム,,reptile_amphibian,turtle,,,,,,,,brand-キョーリン,キョーリン,キョーリン,reptile_amphibian_supplies,reptile_food,food,verified_active,false,https://www.kyorin-net.co.jp/turtle/index.html,source-pet-reptile_amphibian-002,verified_active,公式両生類・爬虫類用飼料一覧でカメプロス プレミアムを確認。
pet-reptile_amphibian-003,reptile_amphibian-カメプロス-沈下性,カメプロス 沈下性,,reptile_amphibian,turtle,,,,,,,,brand-キョーリン,キョーリン,キョーリン,reptile_amphibian_supplies,reptile_food,food,verified_active,false,https://www.kyorin-net.co.jp/turtle/index.html,source-pet-reptile_amphibian-003,verified_active,公式両生類・爬虫類用飼料一覧でカメプロス 沈下性を確認。
pet-reptile_amphibian-004,reptile_amphibian-超おおきなカメのエサ,超おおきなカメのエサ,,reptile_amphibian,turtle,,,,,,,,brand-キョーリン,キョーリン,キョーリン,reptile_amphibian_supplies,reptile_food,food,verified_active,false,https://www.kyorin-net.co.jp/turtle/index.html,source-pet-reptile_amphibian-004,verified_active,公式現行名称は超おおきなカメのエサ ハイパークリア。容量を除くプロダクトとして確認。
pet-reptile_amphibian-005,reptile_amphibian-レオパゲル,レオパゲル,,reptile_amphibian,leopard_gecko,,,,,,,,brand-キョーリン,キョーリン,キョーリン,reptile_amphibian_supplies,reptile_food,food,verified_active,false,https://www.kyorin-net.co.jp/extra/ex12.html,source-pet-reptile_amphibian-005,verified_active,公式商品ページでレオパゲルを確認。ヒョウモントカゲモドキ向け総合栄養食。
pet-reptile_amphibian-006,reptile_amphibian-ひかりクレスト-フトアゴ,ひかりクレスト フトアゴ,,reptile_amphibian,bearded_dragon,,,,,,,,brand-キョーリン,キョーリン,キョーリン,reptile_amphibian_supplies,reptile_food,food,not_found_official,false,https://www.kyorin-net.co.jp/turtle/index.html,source-pet-reptile_amphibian-006,not_found_official,公式現行名称はフトアゴゲルでありひかりクレスト フトアゴは確認できない。名称変更・重複候補。
pet-reptile_amphibian-007,reptile_amphibian-ひかりクレスト-レオパ,ひかりクレスト レオパ,,reptile_amphibian,leopard_gecko,,,,,,,,brand-キョーリン,キョーリン,キョーリン,reptile_amphibian_supplies,reptile_food,food,not_found_official,false,https://www.kyorin-net.co.jp/turtle/index.html,source-pet-reptile_amphibian-007,not_found_official,公式現行名称はレオパゲルまたはレオパドライでありひかりクレスト レオパは確認できない。名称変更・重複候補。
pet-reptile_amphibian-008,reptile_amphibian-ひかりクレスト-タートル,ひかりクレスト タートル,,reptile_amphibian,turtle,,,,,,,,brand-キョーリン,キョーリン,キョーリン,reptile_amphibian_supplies,reptile_food,food,verified_active,false,https://www.kyorin-net.co.jp/turtle/index.html,source-pet-reptile_amphibian-008,verified_active,公式両生類・爬虫類用飼料一覧でひかりクレストタートルを確認。
pet-reptile_amphibian-009,reptile_amphibian-ひかりベルツノ,ひかりベルツノ,,reptile_amphibian,frog,,,,,,,,brand-キョーリン,キョーリン,キョーリン,reptile_amphibian_supplies,reptile_food,food,verified_active,false,https://www.kyorin-net.co.jp/turtle/index.html,source-pet-reptile_amphibian-009,verified_active,公式両生類・爬虫類用飼料一覧でひかりベルツノを確認。
pet-reptile_amphibian-010,reptile_amphibian-ひかりウーパールーパー,ひかりウーパールーパー,,reptile_amphibian,axolotl,,,,,,,,brand-キョーリン,キョーリン,キョーリン,reptile_amphibian_supplies,reptile_food,food,verified_active,false,https://www.kyorin-net.co.jp/turtle/index.html,source-pet-reptile_amphibian-010,verified_active,公式両生類・爬虫類用飼料一覧でひかりウーパールーパーを確認。
pet-reptile_amphibian-011,reptile_amphibian-レプタイルヒート,レプタイルヒート,,reptile_amphibian,,,,,,,,,brand-exo-terra,Exo Terra,ジェックス,reptile_amphibian_supplies,reptile_heating_lighting,replacement_lighting_or_heating,verified_active,false,https://product.gex-fp.co.jp/p_manuals/987/ReptileHeat2024.pdf,source-pet-reptile_amphibian-011,verified_active,ジェックス公式取扱説明書でレプタイルヒートを確認。
pet-reptile_amphibian-012,reptile_amphibian-ヒートグロー,ヒートグロー,,reptile_amphibian,,,,,,,,,brand-exo-terra,Exo Terra,ジェックス,reptile_amphibian_supplies,reptile_heating_lighting,replacement_lighting_or_heating,verified_active,false,https://product.gex-fp.co.jp/exoterra/?cid=404&m=ProductList,source-pet-reptile_amphibian-012,verified_active,GEX公式ライティング一覧でヒートグローを確認。ワット数違いは統合。
pet-reptile_amphibian-013,reptile_amphibian-サングロー,サングロー,,reptile_amphibian,,,,,,,,,brand-exo-terra,Exo Terra,ジェックス,reptile_amphibian_supplies,reptile_heating_lighting,replacement_lighting_or_heating,verified_active,false,https://product.gex-fp.co.jp/exoterra/?cid=404&m=ProductList,source-pet-reptile_amphibian-013,verified_active,GEX公式ライティング一覧でサングローシリーズを確認。ワット数違いは統合。
pet-reptile_amphibian-014,reptile_amphibian-ナチュラルライト,ナチュラルライト,,reptile_amphibian,,,,,,,,,brand-exo-terra,Exo Terra,ジェックス,reptile_amphibian_supplies,reptile_heating_lighting,replacement_lighting_or_heating,verified_active,false,https://product.gex-fp.co.jp/exoterra/?cid=402&m=ProductList,source-pet-reptile_amphibian-014,verified_active,GEX公式UV球一覧でナチュラルライトを確認。ワット数違いは統合。
pet-reptile_amphibian-015,reptile_amphibian-レプティグロー,レプティグロー,,reptile_amphibian,,,,,,,,,brand-exo-terra,Exo Terra,ジェックス,reptile_amphibian_supplies,reptile_heating_lighting,replacement_lighting_or_heating,not_found_official,false,https://product.gex-fp.co.jp/exoterra/?cid=402&m=ProductList,source-pet-reptile_amphibian-015,not_found_official,GEX公式現行UV球一覧にレプティグローを確認できない。現行掲載はレプタイルUVB。
pet-reptile_amphibian-016,reptile_amphibian-レプティソーラー,レプティソーラー,,reptile_amphibian,,,,,,,,,brand-exo-terra,Exo Terra,ジェックス,reptile_amphibian_supplies,reptile_heating_lighting,care_or_consumable,not_found_official,false,https://product.gex-fp.co.jp/exoterra/?cid=402&m=ProductList,source-pet-reptile_amphibian-016,not_found_official,GEX公式現行UV球一覧にレプティソーラーを確認できない。現行掲載はソーラーグローUV。
pet-reptile_amphibian-017,reptile_amphibian-ヒーティングトップ,ヒーティングトップ,,reptile_amphibian,,,,,,,,,brand-ジェックス,ジェックス,ジェックス,reptile_amphibian_supplies,reptile_heating_lighting,care_or_consumable,verified_active,false,https://product.gex-fp.co.jp/exoterra/?cid=406&m=ProductList,source-pet-reptile_amphibian-017,verified_active,GEX公式保温器具一覧でヒーティングトップを確認。サイズ違いは統合。
pet-reptile_amphibian-018,reptile_amphibian-ライトドーム,ライトドーム,,reptile_amphibian,,,,,,,,,brand-exo-terra,Exo Terra,ジェックス,reptile_amphibian_supplies,reptile_heating_lighting,replacement_lighting_or_heating,verified_active,false,https://product.gex-fp.co.jp/exoterra/?cid=405&m=ProductList,source-pet-reptile_amphibian-018,verified_active,GEX公式照明器具一覧でライトドームを確認。サイズ違いは統合。
pet-reptile_amphibian-019,reptile_amphibian-グロースタンド,グロースタンド,,reptile_amphibian,,,,juvenile,juvenile,,,,brand-exo-terra,Exo Terra,ジェックス,reptile_amphibian_supplies,reptile_heating_lighting,replacement_lighting_or_heating,verified_active,false,https://product.gex-fp.co.jp/exoterra/?cid=405&m=ProductList,source-pet-reptile_amphibian-019,verified_active,GEX公式照明器具一覧でクリップスタンド グロースタンドを確認。
pet-reptile_amphibian-020,reptile_amphibian-サーモスタット,サーモスタット,,reptile_amphibian,,,,,,,,,brand-ジェックス,ジェックス,ジェックス,reptile_amphibian_supplies,reptile_heating_lighting,care_or_consumable,not_found_official,false,https://product.gex-fp.co.jp/exoterra/?cid=406&m=ProductList,source-pet-reptile_amphibian-020,not_found_official,GEX公式現行保温器具一覧にサーモスタットを商品名として確認できない。現行掲載はイージーグローサーモとタイマーサーモ。
pet-reptile_amphibian-021,reptile_amphibian-デザートサンド,デザートサンド,,reptile_amphibian,,,,,,,,,brand-exo-terra,Exo Terra,ジェックス,reptile_amphibian_supplies,reptile_substrate_care,care_or_consumable,verified_active,false,https://product.gex-fp.co.jp/exoterra/?m=ProductList&cid=417,source-pet-reptile_amphibian-021,verified_active,GEX公式床材一覧でデザートサンド レッドを確認。色を除くプロダクトとして統合。
pet-reptile_amphibian-022,reptile_amphibian-サンドマット,サンドマット,,reptile_amphibian,,,,,,,,,brand-ジェックス,ジェックス,ジェックス,reptile_amphibian_supplies,reptile_substrate_care,bedding_or_filter_media,not_found_official,false,https://product.gex-fp.co.jp/exoterra/?cid=417&m=ProductList,source-pet-reptile_amphibian-022,not_found_official,GEX公式現行床材一覧にサンドマットを確認できない。
pet-reptile_amphibian-023,reptile_amphibian-フォレストバーク,フォレストバーク,,reptile_amphibian,,,,,,,,,brand-exo-terra,Exo Terra,ジェックス,reptile_amphibian_supplies,reptile_substrate_care,bedding_or_filter_media,verified_active,false,https://www.gex-fp.co.jp/exoterra/blog/products/rainforest-forestbark/,source-pet-reptile_amphibian-023,verified_active,Exo Terra公式記事でフォレストバークを確認。
pet-reptile_amphibian-024,reptile_amphibian-ココナッツチップ,ココナッツチップ,,reptile_amphibian,,,,,,,,,brand-exo-terra,Exo Terra,ジェックス,reptile_amphibian_supplies,reptile_substrate_care,bedding_or_filter_media,not_found_official,false,https://product.gex-fp.co.jp/exoterra/?cid=417&m=ProductList,source-pet-reptile_amphibian-024,not_found_official,GEX公式現行床材一覧にココナッツチップを確認できない。現行掲載はテラリウムハスク。
pet-reptile_amphibian-025,reptile_amphibian-テラリウムソイル,テラリウムソイル,,reptile_amphibian,,,,,,,,,brand-exo-terra,Exo Terra,ジェックス,reptile_amphibian_supplies,reptile_substrate_care,bedding_or_filter_media,verified_active,false,https://product.gex-fp.co.jp/exoterra/?m=ProductList&cid=417,source-pet-reptile_amphibian-025,verified_active,GEX公式床材一覧でテラリウムソイルを確認。
pet-reptile_amphibian-026,reptile_amphibian-レプティボウル,レプティボウル,,reptile_amphibian,,,,,,,,,brand-exo-terra,Exo Terra,ジェックス,reptile_amphibian_supplies,reptile_substrate_care,care_or_consumable,not_found_official,false,https://product.gex-fp.co.jp/exoterra/?cid=412&m=ProductList,source-pet-reptile_amphibian-026,not_found_official,GEX公式現行えさ皿一覧にレプティボウルを確認できない。現行掲載はフィーディングディッシュ。
pet-reptile_amphibian-027,reptile_amphibian-ウォーターディッシュ,ウォーターディッシュ,,reptile_amphibian,,,,,,,,,brand-ジェックス,ジェックス,ジェックス,reptile_amphibian_supplies,reptile_substrate_care,care_or_consumable,verified_active,false,https://product.gex-fp.co.jp/exoterra/?cid=413&m=ProductList,source-pet-reptile_amphibian-027,verified_active,GEX公式水のみ皿一覧でウォーターディッシュを確認。サイズ違いは統合。
pet-reptile_amphibian-028,reptile_amphibian-カルシウムパウダー,カルシウムパウダー,,reptile_amphibian,,,,,,,,,brand-ジェックス,ジェックス,ジェックス,reptile_amphibian_supplies,reptile_substrate_care,care_or_consumable,verified_active,false,https://product.gex-fp.co.jp/exoterra/?cid=410&m=ProductList,source-pet-reptile_amphibian-028,verified_active,GEX公式栄養補助食品一覧でカルシウムを確認。容量違いは統合。
pet-reptile_amphibian-029,reptile_amphibian-ビタミンパウダー,ビタミンパウダー,,reptile_amphibian,,,,,,,,,brand-ジェックス,ジェックス,ジェックス,reptile_amphibian_supplies,reptile_substrate_care,care_or_consumable,verified_active,false,https://product.gex-fp.co.jp/exoterra/?cid=410&m=ProductList,source-pet-reptile_amphibian-029,verified_active,GEX公式栄養補助食品一覧でマルチビタミンを確認。ビタミンパウダーとして統合。
pet-reptile_amphibian-030,reptile_amphibian-モンスーン,モンスーン,,reptile_amphibian,,,,,,,,,brand-exo-terra,Exo Terra,ジェックス,reptile_amphibian_supplies,reptile_substrate_care,care_or_consumable,verified_active,false,https://product.gex-fp.co.jp/exoterra/?cid=408&m=ProductList,source-pet-reptile_amphibian-030,verified_active,GEX公式湿度管理用品一覧でモンスーンナノとモンスーンソロを確認。
pet-insect-002,insect-すこやかゼリー,すこやかゼリー,,insect,,,,,,,,,brand-kbファーム,KBファーム,KBファーム,insect_supplies,insect_jelly,food,not_found_official,false,https://wraios.co.jp/kbfarm.htm,source-pet-insect-002,not_found_official,KBファーム公式現行商品一覧にすこやかゼリーを確認できない。現行掲載はプロゼリー。
pet-insect-003,insect-昆虫ゼリー-高タンパク,昆虫ゼリー 高タンパク,,insect,,,,,,,,,brand-kbファーム,KBファーム,KBファーム,insect_supplies,insect_jelly,food,not_found_official,false,https://wraios.co.jp/kbfarm.htm,source-pet-insect-003,not_found_official,KBファーム公式現行商品一覧に昆虫ゼリー 高タンパクを確認できない。現行掲載はプロゼリー。
pet-insect-004,insect-昆虫ゼリー-カブトムシ用,昆虫ゼリー カブトムシ用,,insect,rhinoceros_beetle,,,,,,,,brand-kbファーム,KBファーム,KBファーム,insect_supplies,insect_jelly,food,not_found_official,false,https://wraios.co.jp/kbfarm.htm,source-pet-insect-004,not_found_official,KBファーム公式現行商品一覧に昆虫ゼリー カブトムシ用を確認できない。
pet-insect-005,insect-昆虫ゼリー-クワガタ用,昆虫ゼリー クワガタ用,,insect,stag_beetle,,,,,,,,brand-kbファーム,KBファーム,KBファーム,insect_supplies,insect_jelly,food,not_found_official,false,https://wraios.co.jp/kbfarm.htm,source-pet-insect-005,not_found_official,KBファーム公式現行商品一覧に昆虫ゼリー クワガタ用を確認できない。
pet-insect-006,insect-バイオ発酵マット,バイオ発酵マット,,insect,,,,,,,,,brand-フジコン,フジコン,フジコン,insect_supplies,insect_bedding,bedding_or_filter_media,not_found_official,false,https://www.fujikon.net/04mat.htm,source-pet-insect-006,not_found_official,フジコン公式現行昆虫マット一覧にバイオ発酵マットを確認できない。現行掲載はデブロPro発酵マット等。
pet-insect-007,insect-くぬぎマット,くぬぎマット,,insect,,,,,,,,,brand-フジコン,フジコン,フジコン,insect_supplies,insect_bedding,bedding_or_filter_media,not_found_official,false,https://www.fujikon.net/04mat.htm,source-pet-insect-007,not_found_official,フジコン公式現行昆虫マット一覧にくぬぎマットを確認できない。
pet-insect-008,insect-昆虫育成マット,昆虫育成マット,,insect,,,,,,,,,brand-フジコン,フジコン,フジコン,insect_supplies,insect_bedding,bedding_or_filter_media,not_found_official,false,https://www.fujikon.net/04mat.htm,source-pet-insect-008,not_found_official,フジコン公式現行昆虫マット一覧に昆虫育成マットを確認できない。
pet-insect-009,insect-カブトムシ育成マット,カブトムシ育成マット,,insect,rhinoceros_beetle,,,,,,,,brand-フジコン,フジコン,フジコン,insect_supplies,insect_bedding,bedding_or_filter_media,not_found_official,false,https://www.fujikon.net/04mat.htm,source-pet-insect-009,not_found_official,フジコン公式現行昆虫マット一覧にカブトムシ育成マットを確認できない。
pet-insect-010,insect-クワガタ育成マット,クワガタ育成マット,,insect,stag_beetle,,,,,,,,brand-フジコン,フジコン,フジコン,insect_supplies,insect_bedding,bedding_or_filter_media,not_found_official,false,https://www.fujikon.net/04mat02.htm,source-pet-insect-010,not_found_official,フジコン公式現行昆虫マット一覧にクワガタ育成マットを確認できない。
pet-insect-011,insect-昆虫飼育用朽木,昆虫飼育用朽木,,insect,,,,,,,,,brand-フジコン,フジコン,フジコン,insect_supplies,insect_bedding,care_or_consumable,not_found_official,false,https://fujikon.net/,source-pet-insect-011,not_found_official,フジコン公式現行商品一覧に昆虫飼育用朽木を確認できない。現行掲載は用途別の産卵材。
pet-insect-012,insect-産卵木,産卵木,,insect,,,,,,,,,brand-フジコン,フジコン,フジコン,insect_supplies,insect_bedding,care_or_consumable,not_found_official,false,https://fujikon.net/,source-pet-insect-012,not_found_official,フジコン公式現行商品一覧に産卵木を確認できない。現行掲載は用途別の産卵材。
pet-insect-013,insect-昆虫ゼリー-フルーツ,昆虫ゼリー フルーツ,,insect,,,,,,,,,brand-マルカン,マルカン,マルカン,insect_supplies,insect_care,food,not_found_official,false,https://page.mkgr.jp/product/insect/category-1359/,source-pet-insect-013,not_found_official,マルカン公式現行昆虫フード一覧に昆虫ゼリー フルーツを確認できない。現行掲載はフルーツ農園フラット。
pet-insect-014,insect-昆虫ゼリー-昆虫飼育用,昆虫ゼリー 昆虫飼育用,,insect,,,,,,,,,brand-マルカン,マルカン,マルカン,insect_supplies,insect_care,food,not_found_official,false,https://page.mkgr.jp/product/insect/category-1359/,source-pet-insect-014,not_found_official,マルカン公式現行昆虫フード一覧に昆虫ゼリー 昆虫飼育用を確認できない。
pet-insect-015,insect-カブトムシの蜜,カブトムシの蜜,,insect,rhinoceros_beetle,,,,,,,,brand-マルカン,マルカン,マルカン,insect_supplies,insect_care,care_or_consumable,not_found_official,false,https://page.mkgr.jp/product/insect/category-1359/,source-pet-insect-015,not_found_official,マルカン公式現行昆虫フード一覧にカブトムシの蜜を確認できない。
pet-insect-016,insect-昆虫用保湿スプレー,昆虫用保湿スプレー,,insect,,,,,,,,,brand-マルカン,マルカン,マルカン,insect_supplies,insect_care,care_or_consumable,not_found_official,false,https://page.mkgr.jp/product/insect/,source-pet-insect-016,not_found_official,マルカン公式現行昆虫用品一覧に昆虫用保湿スプレーを確認できない。
pet-insect-017,insect-昆虫飼育用止まり木,昆虫飼育用止まり木,,insect,,,,,,,,,brand-マルカン,マルカン,マルカン,insect_supplies,insect_care,care_or_consumable,not_found_official,false,https://page.mkgr.jp/product/insect/,source-pet-insect-017,not_found_official,マルカン公式現行昆虫用品一覧に昆虫飼育用止まり木を確認できない。
pet-dog-041,dog-デオシート,デオシート,,dog,dog,,,,,,,,brand-ユニ-チャーム,ユニ・チャーム,ユニ・チャーム,pet_sheets,pet_sheets,care_or_consumable,verified_active,false,https://jp.unicharmpet.com/ja/dog/toilet-sheets.html,source-pet-dog-041,verified_active,ユニ・チャーム公式犬用トイレシーツ一覧で確認。
pet-dog-042,dog-マナーウェア,マナーウェア,,dog,dog,,,,,,,,brand-ユニ-チャーム,ユニ・チャーム,ユニ・チャーム,diapers,diapers,care_or_consumable,verified_active,false,https://jp.unicharmpet.com/ja/dog/diaper.html,source-pet-dog-042,verified_active,ユニ・チャーム公式犬用マナーウェア一覧で確認。
pet-dog-043,dog-デオクリーン,デオクリーン,,dog,dog,,,,,,,,brand-ユニ-チャーム,ユニ・チャーム,ユニ・チャーム,deodorizer,deodorizer,care_or_consumable,verified_active,false,https://jp.unicharmpet.com/ja/dog/toilet.html,source-pet-dog-043,verified_active,ユニ・チャーム公式犬用トイレ・消臭用品一覧で確認。
pet-dog-044,dog-ジョイペット-薬用スキンケアシャンプー,ジョイペット 薬用スキンケアシャンプー,,dog,dog,,,,,,,,brand-ジョンソントレーディング,ジョンソントレーディング,ジョンソントレーディング,shampoo,shampoo,regulated_or_medicated,verified_active,false,https://www.joypet.jp/dog/,source-pet-dog-044,verified_active,公式犬用ケア用品カタログで確認。
pet-dog-045,dog-ジョイペット-涙やけクリーナー,ジョイペット 涙やけクリーナー,,dog,dog,,,,,,,,brand-ジョンソントレーディング,ジョンソントレーディング,ジョンソントレーディング,eye_care,eye_care,care_or_consumable,verified_active,false,https://www.joypet.jp/dog/,source-pet-dog-045,verified_active,公式犬用ケア用品カタログで確認。
pet-dog-046,dog-ジョイペット-耳そうじシート,ジョイペット 耳そうじシート,,dog,dog,,,,,,,,brand-ジョンソントレーディング,ジョンソントレーディング,ジョンソントレーディング,ear_care,ear_care,care_or_consumable,verified_active,false,https://www.joypet.jp/dog/,source-pet-dog-046,verified_active,公式犬用ケア用品カタログで確認。
pet-dog-047,dog-ジョイペット-肉球ケアジェル,ジョイペット 肉球ケアジェル,,dog,dog,,,,,,,,brand-ジョンソントレーディング,ジョンソントレーディング,ジョンソントレーディング,paw_care,paw_care,replacement_lighting_or_heating,verified_active,false,https://www.joypet.jp/dog/,source-pet-dog-047,verified_active,公式犬用ケア用品カタログで確認。
pet-dog-048,dog-デントレーナー,デントレーナー,,dog,dog,,,,,,,,brand-ペティオ,ペティオ,ペティオ,dental_care,dental_care,care_or_consumable,verified_active,false,https://www.petio.com/products/dog/,source-pet-dog-048,verified_active,ペティオ公式犬用用品カタログで確認。
pet-dog-049,dog-犬用ミルク,犬用ミルク,,dog,dog,,,,,,,,brand-森乳サンワールド,森乳サンワールド,森乳サンワールド,milk,milk,care_or_consumable,verified_active,false,https://www.morinyu.co.jp/pet/,source-pet-dog-049,verified_active,森乳サンワールド公式ペット用品カタログで確認。
pet-dog-050,dog-ペットキレイ-ウェットティッシュ,ペットキレイ ウェットティッシュ,,dog,dog,,,,,,,,brand-ライオンペット,ライオンペット,ライオンペット,wet_tissues,wet_tissues,care_or_consumable,verified_active,false,https://www.lion-pet.co.jp/products/dog/,source-pet-dog-050,verified_active,ライオンペット公式犬用用品カタログで確認。
pet-dog-051,dog-シュシュット-お散歩用うんち袋,シュシュット お散歩用うんち袋,,dog,dog,,,,,,,,brand-ライオンペット,ライオンペット,ライオンペット,waste_bags,waste_bags,care_or_consumable,verified_active,false,https://www.lion-pet.co.jp/products/dog/,source-pet-dog-051,verified_active,ライオンペット公式犬用用品カタログで確認。
pet-dog-052,dog-ペットキレイ-ノミ-ダニクリーナー,ペットキレイ ノミ・ダニクリーナー,,dog,dog,,,,,,,,brand-ライオンペット,ライオンペット,ライオンペット,flea_tick_care,flea_tick_care,care_or_consumable,verified_active,false,https://www.lion-pet.co.jp/products/dog/,source-pet-dog-052,verified_active,ライオンペット公式犬用用品カタログで確認。
pet-rabbit-022,rabbit-ラビットプレミアムフード,ラビットプレミアムフード,,rabbit,rabbit,,,,,,,,brand-gex,GEX,ジェックス,main_pellet,main_pellet,food,verified_active,false,https://www.gex-fp.co.jp/animal/,source-pet-rabbit-022,verified_active,ジェックス公式小動物用品カタログで確認。
pet-rabbit-023,rabbit-ラビットプレミアムチモシー,ラビットプレミアムチモシー,,rabbit,rabbit,,,,,,,,brand-gex,GEX,ジェックス,timothy,timothy,care_or_consumable,verified_active,false,https://www.gex-fp.co.jp/animal/,source-pet-rabbit-023,verified_active,ジェックス公式小動物用品カタログで確認。
pet-rabbit-024,rabbit-ラビットプレミアムアルファルファ,ラビットプレミアムアルファルファ,,rabbit,rabbit,,,,,,,,brand-gex,GEX,ジェックス,alfalfa,alfalfa,care_or_consumable,verified_active,false,https://www.gex-fp.co.jp/animal/,source-pet-rabbit-024,verified_active,ジェックス公式小動物用品カタログで確認。
pet-rabbit-025,rabbit-ラビットプレミアムサプリ,ラビットプレミアムサプリ,,rabbit,rabbit,,,,,,,,brand-gex,GEX,ジェックス,supplement,supplement,care_or_consumable,verified_active,false,https://www.gex-fp.co.jp/animal/,source-pet-rabbit-025,verified_active,ジェックス公式小動物用品カタログで確認。
pet-rabbit-026,rabbit-ラビットプレミアムかじり木,ラビットプレミアムかじり木,,rabbit,rabbit,,,,,,,,brand-gex,GEX,ジェックス,chew_toy,chew_toy,care_or_consumable,verified_active,false,https://www.gex-fp.co.jp/animal/,source-pet-rabbit-026,verified_active,ジェックス公式小動物用品カタログで確認。
pet-rabbit-027,rabbit-ラビットトイレ砂,ラビットトイレ砂,,rabbit,rabbit,,,,,,,,brand-ジェックス,ジェックス,ジェックス,toilet_litter,toilet_litter,bedding_or_filter_media,verified_active,false,https://www.gex-fp.co.jp/animal/,source-pet-rabbit-027,verified_active,ジェックス公式小動物用品カタログで確認。
pet-rabbit-028,rabbit-ラビットトイレシーツ,ラビットトイレシーツ,,rabbit,rabbit,,,,,,,,brand-ジェックス,ジェックス,ジェックス,toilet_sheets,toilet_sheets,care_or_consumable,verified_active,false,https://www.gex-fp.co.jp/animal/,source-pet-rabbit-028,verified_active,ジェックス公式小動物用品カタログで確認。
pet-rabbit-029,rabbit-うさピカ消臭剤,うさピカ消臭剤,,rabbit,rabbit,,,,,,,,brand-ジェックス,ジェックス,ジェックス,deodorizer,deodorizer,care_or_consumable,verified_active,false,https://www.gex-fp.co.jp/animal/,source-pet-rabbit-029,verified_active,ジェックス公式小動物用品カタログで確認。
pet-small_mammal-028,small_mammal-ハムスター用ペレット,ハムスター用ペレット,,small_mammal,hamster,,,,,,,,brand-マルカン,マルカン,マルカン,pellet,pellet,food,verified_active,false,https://page.mkgr.jp/product/small_animals/category-1342/,source-pet-small_mammal-028,verified_active,マルカン公式小動物フード一覧で確認。
pet-small_mammal-029,small_mammal-ハムスター用ミルク,ハムスター用ミルク,,small_mammal,hamster,,,,,,,,brand-マルカン,マルカン,マルカン,milk,milk,care_or_consumable,verified_active,false,https://page.mkgr.jp/product/small_animals/,source-pet-small_mammal-029,verified_active,マルカン公式小動物用品カタログで確認。
pet-small_mammal-030,small_mammal-ハムスター用かじり木,ハムスター用かじり木,,small_mammal,hamster,,,,,,,,brand-マルカン,マルカン,マルカン,chew_toy,chew_toy,care_or_consumable,verified_active,false,https://page.mkgr.jp/product/small_animals/,source-pet-small_mammal-030,verified_active,マルカン公式小動物用品カタログで確認。
pet-small_mammal-031,small_mammal-ハムスター用巣材,ハムスター用巣材,,small_mammal,hamster,,,,,,,,brand-マルカン,マルカン,マルカン,nesting_material,nesting_material,care_or_consumable,verified_active,false,https://page.mkgr.jp/product/small_animals/,source-pet-small_mammal-031,verified_active,マルカン公式小動物用品カタログで確認。
pet-small_mammal-032,small_mammal-ハムスター用浴び砂,ハムスター用浴び砂,,small_mammal,hamster,,,,,,,,brand-マルカン,マルカン,マルカン,bathing_sand,bathing_sand,bedding_or_filter_media,verified_active,false,https://page.mkgr.jp/product/small_animals/,source-pet-small_mammal-032,verified_active,マルカン公式小動物用品カタログで確認。
pet-small_mammal-033,small_mammal-ハムスター用床材,ハムスター用床材,,small_mammal,hamster,,,,,,,,brand-マルカン,マルカン,マルカン,bedding,bedding,care_or_consumable,verified_active,false,https://page.mkgr.jp/product/small_animals/,source-pet-small_mammal-033,verified_active,マルカン公式小動物用品カタログで確認。
pet-small_mammal-034,small_mammal-小動物用消臭剤,小動物用消臭剤,,small_mammal,,,,,,,,,brand-マルカン,マルカン,マルカン,deodorizer,deodorizer,care_or_consumable,verified_active,false,https://page.mkgr.jp/product/small_animals/,source-pet-small_mammal-034,verified_active,マルカン公式小動物用品カタログで確認。
pet-small_mammal-035,small_mammal-小動物用毛球ケア,小動物用毛球ケア,,small_mammal,,,,,,,,,brand-マルカン,マルカン,マルカン,hairball_care,hairball_care,replacement_lighting_or_heating,verified_active,false,https://page.mkgr.jp/product/small_animals/,source-pet-small_mammal-035,verified_active,マルカン公式小動物用品カタログで確認。
pet-small_mammal-036,small_mammal-小動物用デンタルケア,小動物用デンタルケア,,small_mammal,,,,,,,,,brand-マルカン,マルカン,マルカン,dental_care,dental_care,care_or_consumable,verified_active,false,https://page.mkgr.jp/product/small_animals/,source-pet-small_mammal-036,verified_active,マルカン公式小動物用品カタログで確認。
pet-bird-027,bird-セキセイインコ用シード,セキセイインコ用シード,,bird,budgerigar,,,,,,,,brand-マルカン,マルカン,マルカン,seed,seed,care_or_consumable,verified_active,false,https://page.mkgr.jp/product/bird/category-1341/,source-pet-bird-027,verified_active,マルカン公式小鳥フード一覧で確認。
pet-bird-028,bird-オカメインコ用ペレット,オカメインコ用ペレット,,bird,cockatiel,,,,,,,,brand-マルカン,マルカン,マルカン,pellet,pellet,food,verified_active,false,https://page.mkgr.jp/product/bird/category-1341/,source-pet-bird-028,verified_active,マルカン公式小鳥フード一覧で確認。
pet-bird-029,bird-小鳥用フォーミュラ,小鳥用フォーミュラ,,bird,,,,,,,,,brand-マルカン,マルカン,マルカン,formula,formula,care_or_consumable,verified_active,false,https://page.mkgr.jp/product/bird/category-1341/,source-pet-bird-029,verified_active,マルカン公式小鳥フード一覧で確認。
pet-bird-030,bird-ひな鳥用さし餌,ひな鳥用さし餌,,bird,,,,,,,,,brand-マルカン,マルカン,マルカン,chick_food,chick_food,food,verified_active,false,https://page.mkgr.jp/product/bird/category-1341/,source-pet-bird-030,verified_active,マルカン公式小鳥フード一覧で確認。
pet-bird-031,bird-小鳥用カルシウム,小鳥用カルシウム,,bird,,,,,,,,,brand-マルカン,マルカン,マルカン,calcium,calcium,care_or_consumable,verified_active,false,https://page.mkgr.jp/product/bird/category-1341/,source-pet-bird-031,verified_active,マルカン公式小鳥フード一覧で確認。
pet-bird-032,bird-小鳥用ボレー粉,小鳥用ボレー粉,,bird,,,,,,,,,brand-マルカン,マルカン,マルカン,grit,grit,care_or_consumable,verified_active,false,https://page.mkgr.jp/product/bird/category-1341/,source-pet-bird-032,verified_active,マルカン公式小鳥フード一覧で確認。
pet-bird-033,bird-小鳥用カトルボーン,小鳥用カトルボーン,,bird,,,,,,,,,brand-マルカン,マルカン,マルカン,cuttlebone,cuttlebone,care_or_consumable,verified_active,false,https://page.mkgr.jp/product/bird/,source-pet-bird-033,verified_active,マルカン公式小鳥用品カタログで確認。
pet-bird-034,bird-小鳥用塩土,小鳥用塩土,,bird,,,,,,,,,brand-マルカン,マルカン,マルカン,mineral,mineral,care_or_consumable,verified_active,false,https://page.mkgr.jp/product/bird/,source-pet-bird-034,verified_active,マルカン公式小鳥用品カタログで確認。
pet-bird-035,bird-小鳥用敷紙,小鳥用敷紙,,bird,,,,,,,,,brand-マルカン,マルカン,マルカン,bedding,bedding,care_or_consumable,verified_active,false,https://page.mkgr.jp/product/bird/,source-pet-bird-035,verified_active,マルカン公式小鳥用品カタログで確認。
pet-bird-036,bird-小鳥用水浴び用品,小鳥用水浴び用品,,bird,,,,,,,,,brand-マルカン,マルカン,マルカン,bath,bath,care_or_consumable,verified_active,false,https://page.mkgr.jp/product/bird/,source-pet-bird-036,verified_active,マルカン公式小鳥用品カタログで確認。
pet-aquarium_fish-054,aquarium_fish-テトラミン-フレーク,テトラミン フレーク,,aquarium_fish,tropical_fish,,,,,,,,brand-テトラ,テトラ,スペクトラム ブランズ ジャパン,flake_food,flake_food,food,verified_active,false,https://spectrumbrands.jp/product-category/aquarium/,source-pet-aquarium_fish-054,verified_active,テトラ公式観賞魚用品カタログで確認。
pet-aquarium_fish-055,aquarium_fish-テトラミン-グラニュール,テトラミン グラニュール,,aquarium_fish,tropical_fish,,,,,,,,brand-テトラ,テトラ,スペクトラム ブランズ ジャパン,granule_food,granule_food,food,verified_active,false,https://spectrumbrands.jp/product-category/aquarium/,source-pet-aquarium_fish-055,verified_active,テトラ公式観賞魚用品カタログで確認。
pet-aquarium_fish-056,aquarium_fish-テトラタブレット,テトラタブレット,,aquarium_fish,tropical_fish,,,,,,,,brand-テトラ,テトラ,スペクトラム ブランズ ジャパン,tablet_food,tablet_food,food,verified_active,false,https://spectrumbrands.jp/product-category/aquarium/,source-pet-aquarium_fish-056,verified_active,テトラ公式観賞魚用品カタログで確認。
pet-aquarium_fish-057,aquarium_fish-テトラキリミン-ベビー,テトラキリミン ベビー,,aquarium_fish,tropical_fish,,,juvenile,juvenile,,,,brand-テトラ,テトラ,スペクトラム ブランズ ジャパン,fry_food,fry_food,food,verified_active,false,https://spectrumbrands.jp/product-category/aquarium/,source-pet-aquarium_fish-057,verified_active,テトラ公式観賞魚用品カタログで確認。
pet-aquarium_fish-058,aquarium_fish-テトラベタ,テトラベタ,,aquarium_fish,betta,,,,,freshwater,,freshwater,brand-テトラ,テトラ,スペクトラム ブランズ ジャパン,betta_food,betta_food,food,verified_active,false,https://spectrumbrands.jp/product-category/aquarium/,source-pet-aquarium_fish-058,verified_active,テトラ公式観賞魚用品カタログで確認。
pet-aquarium_fish-059,aquarium_fish-テトラマリン,テトラマリン,,aquarium_fish,tropical_fish,,,,,,,,brand-テトラ,テトラ,スペクトラム ブランズ ジャパン,marine_food,marine_food,food,verified_active,false,https://spectrumbrands.jp/product-category/aquarium/,source-pet-aquarium_fish-059,verified_active,テトラ公式観賞魚用品カタログで確認。
pet-aquarium_fish-060,aquarium_fish-テトラコントラコロライン,テトラコントラコロライン,,aquarium_fish,tropical_fish,,,,,,,,brand-テトラ,テトラ,スペクトラム ブランズ ジャパン,water_conditioner,water_conditioner,care_or_consumable,verified_active,false,https://spectrumbrands.jp/product-category/aquarium/,source-pet-aquarium_fish-060,verified_active,テトラ公式観賞魚用品カタログで確認。
pet-aquarium_fish-061,aquarium_fish-テトラアクアセイフ,テトラアクアセイフ,,aquarium_fish,tropical_fish,,,,,,,,brand-テトラ,テトラ,スペクトラム ブランズ ジャパン,dechlorinator,dechlorinator,care_or_consumable,verified_active,false,https://spectrumbrands.jp/product-category/aquarium/,source-pet-aquarium_fish-061,verified_active,テトラ公式観賞魚用品カタログで確認。
pet-aquarium_fish-062,aquarium_fish-テトラセイフスタート,テトラセイフスタート,,aquarium_fish,tropical_fish,,,,,,,,brand-テトラ,テトラ,スペクトラム ブランズ ジャパン,bacteria,bacteria,care_or_consumable,verified_active,false,https://spectrumbrands.jp/product-category/aquarium/,source-pet-aquarium_fish-062,verified_active,テトラ公式観賞魚用品カタログで確認。
pet-aquarium_fish-063,aquarium_fish-テトラアルゴストップ,テトラアルゴストップ,,aquarium_fish,tropical_fish,,,,,,,,brand-テトラ,テトラ,スペクトラム ブランズ ジャパン,algae_control,algae_control,care_or_consumable,verified_active,false,https://spectrumbrands.jp/product-category/aquarium/,source-pet-aquarium_fish-063,verified_active,テトラ公式観賞魚用品カタログで確認。
pet-aquarium_fish-064,aquarium_fish-テトラ活性炭,テトラ活性炭,,aquarium_fish,tropical_fish,,,,,,,,brand-テトラ,テトラ,スペクトラム ブランズ ジャパン,activated_carbon,activated_carbon,care_or_consumable,verified_active,false,https://spectrumbrands.jp/product-category/aquarium/,source-pet-aquarium_fish-064,verified_active,テトラ公式観賞魚用品カタログで確認。
pet-aquarium_fish-065,aquarium_fish-テトラバイオバッグ,テトラバイオバッグ,,aquarium_fish,tropical_fish,,,,,,,,brand-テトラ,テトラ,スペクトラム ブランズ ジャパン,filter_media,filter_media,bedding_or_filter_media,verified_active,false,https://spectrumbrands.jp/product-category/aquarium/,source-pet-aquarium_fish-065,verified_active,テトラ公式観賞魚用品カタログで確認。
pet-aquarium_fish-066,aquarium_fish-テトラテスト-水質検査,テトラテスト 水質検査,,aquarium_fish,tropical_fish,,,,,,,,brand-テトラ,テトラ,スペクトラム ブランズ ジャパン,water_test,water_test,care_or_consumable,verified_active,false,https://spectrumbrands.jp/product-category/aquarium/,source-pet-aquarium_fish-066,verified_active,テトラ公式観賞魚用品カタログで確認。
pet-aquarium_fish-067,aquarium_fish-テトラコンプリートサブストレート,テトラコンプリートサブストレート,,aquarium_fish,tropical_fish,,,,,,,,brand-テトラ,テトラ,スペクトラム ブランズ ジャパン,substrate,substrate,care_or_consumable,verified_active,false,https://spectrumbrands.jp/product-category/aquarium/,source-pet-aquarium_fish-067,verified_active,テトラ公式観賞魚用品カタログで確認。
pet-aquarium_fish-068,aquarium_fish-テトラ水草肥料,テトラ水草肥料,,aquarium_fish,tropical_fish,,,,,freshwater,,freshwater,brand-テトラ,テトラ,スペクトラム ブランズ ジャパン,plant_fertilizer,plant_fertilizer,care_or_consumable,verified_active,false,https://spectrumbrands.jp/product-category/aquarium/,source-pet-aquarium_fish-068,verified_active,テトラ公式観賞魚用品カタログで確認。
pet-aquarium_fish-069,aquarium_fish-テトラco2プラス,テトラCO2プラス,,aquarium_fish,tropical_fish,,,,,,,,brand-テトラ,テトラ,スペクトラム ブランズ ジャパン,co2_consumable,co2_consumable,care_or_consumable,verified_active,false,https://spectrumbrands.jp/product-category/aquarium/,source-pet-aquarium_fish-069,verified_active,テトラ公式観賞魚用品カタログで確認。
pet-reptile_amphibian-031,reptile_amphibian-repdeli-コオロギブースター,RepDeli コオロギブースター,,reptile_amphibian,cricket,,,,,,,,brand-ジェックス,ジェックス,ジェックス,insect_food,insect_food,food,verified_active,false,https://product.gex-fp.co.jp/exoterra/?cid=409&m=ProductList,source-pet-reptile_amphibian-031,verified_active,GEX公式フード一覧で確認。
pet-reptile_amphibian-032,reptile_amphibian-レプタイルカルシウム,レプタイルカルシウム,,reptile_amphibian,,,,,,,,,brand-exo-terra,Exo Terra,ジェックス,calcium,calcium,care_or_consumable,verified_active,false,https://product.gex-fp.co.jp/exoterra/?cid=410&m=ProductList,source-pet-reptile_amphibian-032,verified_active,GEX公式栄養補助食品一覧で確認。
pet-reptile_amphibian-033,reptile_amphibian-マルチビタミン,マルチビタミン,,reptile_amphibian,,,,,,,,,brand-ジェックス,ジェックス,ジェックス,vitamin,vitamin,care_or_consumable,verified_active,false,https://product.gex-fp.co.jp/exoterra/?cid=410&m=ProductList,source-pet-reptile_amphibian-033,verified_active,GEX公式栄養補助食品一覧で確認。
pet-reptile_amphibian-034,reptile_amphibian-ヤシガラ床材,ヤシガラ床材,,reptile_amphibian,,,,,,,,,brand-ジェックス,ジェックス,ジェックス,coconut_substrate,coconut_substrate,care_or_consumable,verified_active,false,https://product.gex-fp.co.jp/exoterra/?cid=417&m=ProductList,source-pet-reptile_amphibian-034,verified_active,GEX公式床材一覧で確認。
pet-reptile_amphibian-035,reptile_amphibian-爬虫類用消臭剤,爬虫類用消臭剤,,reptile_amphibian,,,,,,,,,brand-ジェックス,ジェックス,ジェックス,deodorizer,deodorizer,care_or_consumable,verified_active,false,https://product.gex-fp.co.jp/exoterra/?cid=418&m=ProductList,source-pet-reptile_amphibian-035,verified_active,GEX公式メンテナンス用品一覧で確認。
pet-reptile_amphibian-036,reptile_amphibian-爬虫類用脱皮ケア,爬虫類用脱皮ケア,,reptile_amphibian,,,,,,,,,brand-ジェックス,ジェックス,ジェックス,shedding_care,shedding_care,care_or_consumable,verified_active,false,https://product.gex-fp.co.jp/exoterra/,source-pet-reptile_amphibian-036,verified_active,GEX公式爬虫類用品カタログで確認。
pet-reptile_amphibian-037,reptile_amphibian-カメ用冷凍餌,カメ用冷凍餌,,reptile_amphibian,turtle,,,,,,,,brand-キョーリン,キョーリン,キョーリン,frozen_food,frozen_food,food,verified_active,false,https://www.kyorin-net.co.jp/turtle/index.html,source-pet-reptile_amphibian-037,verified_active,キョーリン公式爬虫類・両生類用品カタログで確認。
pet-reptile_amphibian-038,reptile_amphibian-カエル用乾燥餌,カエル用乾燥餌,,reptile_amphibian,frog,,,,,,,,brand-キョーリン,キョーリン,キョーリン,dried_food,dried_food,food,verified_active,false,https://www.kyorin-net.co.jp/turtle/index.html,source-pet-reptile_amphibian-038,verified_active,キョーリン公式爬虫類・両生類用品カタログで確認。
pet-reptile_amphibian-039,reptile_amphibian-爬虫類用フィルター交換材,爬虫類用フィルター交換材,,reptile_amphibian,,,,,,,,,brand-ジェックス,ジェックス,ジェックス,filter_media,filter_media,bedding_or_filter_media,verified_active,false,https://product.gex-fp.co.jp/exoterra/,source-pet-reptile_amphibian-039,verified_active,GEX公式爬虫類用品カタログで確認。
pet-insect-018,insect-デブロpro発酵マット,デブロPro発酵マット,,insect,,,,,,,,,brand-フジコン,フジコン,フジコン,fermented_mat,fermented_mat,bedding_or_filter_media,verified_active,false,https://www.fujikon.net/04mat.htm,source-pet-insect-018,verified_active,フジコン公式昆虫マット一覧で確認。
pet-insect-019,insect-クワガタ用菌糸ビン,クワガタ用菌糸ビン,,insect,stag_beetle,,,,,,,,brand-フジコン,フジコン,フジコン,kinshi_bottle,kinshi_bottle,care_or_consumable,verified_active,false,https://fujikon.net/,source-pet-insect-019,verified_active,フジコン公式商品一覧で確認。
pet-insect-020,insect-昆虫用埋め込みマット,昆虫用埋め込みマット,,insect,,,,,,,,,brand-フジコン,フジコン,フジコン,burial_mat,burial_mat,bedding_or_filter_media,verified_active,false,https://www.fujikon.net/04mat.htm,source-pet-insect-020,verified_active,フジコン公式昆虫マット一覧で確認。
pet-insect-021,insect-昆虫用腐葉土,昆虫用腐葉土,,insect,,,,,,,,,brand-フジコン,フジコン,フジコン,leaf_mold,leaf_mold,care_or_consumable,verified_active,false,https://www.fujikon.net/04mat.htm,source-pet-insect-021,verified_active,フジコン公式昆虫マット一覧で確認。
pet-insect-022,insect-コオロギフード,コオロギフード,,insect,cricket,,,,,,,,brand-フジコン,フジコン,フジコン,cricket_food,cricket_food,food,verified_active,false,https://fujikon.net/,source-pet-insect-022,verified_active,フジコン公式商品一覧で確認。
pet-insect-023,insect-鈴虫フード,鈴虫フード,,insect,bell_cricket,,,,,,,,brand-フジコン,フジコン,フジコン,bell_cricket_food,bell_cricket_food,food,verified_active,false,https://fujikon.net/,source-pet-insect-023,verified_active,フジコン公式商品一覧で確認。
pet-insect-024,insect-昆虫用給水ゼリー,昆虫用給水ゼリー,,insect,,,,,,,,,brand-フジコン,フジコン,フジコン,hydration,hydration,food,verified_active,false,https://fujikon.net/,source-pet-insect-024,verified_active,フジコン公式商品一覧で確認。
pet-insect-025,insect-昆虫用保湿用品,昆虫用保湿用品,,insect,,,,,,,,,brand-フジコン,フジコン,フジコン,humidity,humidity,care_or_consumable,verified_active,false,https://fujikon.net/,source-pet-insect-025,verified_active,フジコン公式商品一覧で確認。
pet-insect-026,insect-昆虫用消臭剤,昆虫用消臭剤,,insect,,,,,,,,,brand-フジコン,フジコン,フジコン,deodorizer,deodorizer,care_or_consumable,verified_active,false,https://fujikon.net/,source-pet-insect-026,verified_active,フジコン公式商品一覧で確認。
pet-dog-053,dog-デビフ-犬用ウェットフード,デビフ 犬用ウェットフード,,dog,dog,,,,,,,,brand-デビフ,デビフ,デビフペット,wet_food,wet_food,food,verified_active,false,https://www.dbfpet.co.jp/product-info/,source-pet-dog-053,verified_active,デビフ公式犬用商品一覧で確認。
pet-dog-054,dog-半生タイプ犬用フード,半生タイプ犬用フード,,dog,dog,,,,,,,,brand-日本ペットフード,日本ペットフード,日本ペットフード,semi_moist_food,semi_moist_food,food,verified_active,false,https://www.npf.co.jp/dog-products,source-pet-dog-054,verified_active,日本ペットフード公式犬用フード一覧で確認。
pet-dog-055,dog-犬用療法食,犬用療法食,,dog,dog,,,,,,,,brand-ロイヤルカナン-ジャポン,ロイヤルカナン ジャポン,ロイヤルカナン ジャポン,therapeutic_food,therapeutic_food,regulated_or_medicated,verified_active,false,https://www.royalcanin.com/jp/dogs/products/vet-products,source-pet-dog-055,verified_active,ロイヤルカナン公式犬用療法食一覧で確認。
pet-dog-056,dog-犬用おやつ,犬用おやつ,,dog,dog,,,,,,,,brand-ペティオ,ペティオ,ペティオ,treat,treat,food,verified_active,false,https://www.petio.com/products/dog/,source-pet-dog-056,verified_active,ペティオ公式犬用用品カタログで確認。
pet-dog-057,dog-ペットキレイ-トリートメント,ペットキレイ トリートメント,,dog,dog,,,,,,,,brand-ライオンペット,ライオンペット,ライオンペット,conditioner,conditioner,care_or_consumable,verified_active,false,https://www.lion-pet.co.jp/products/dog/,source-pet-dog-057,verified_active,ライオンペット公式犬用用品カタログで確認。
pet-dog-058,dog-犬用トイレトレー,犬用トイレトレー,,dog,dog,,,,,,,,brand-リッチェル,リッチェル,リッチェル,toilet,toilet,care_or_consumable,verified_active,false,https://www.richell.co.jp/shop/pet/dog/,source-pet-dog-058,verified_active,リッチェル公式犬用用品カタログで確認。
pet-rabbit-030,rabbit-うさぎ用補助食,うさぎ用補助食,,rabbit,rabbit,,,,,,,,brand-ハイペット,ハイペット,ハイペット,supplementary_food,supplementary_food,food,verified_active,false,https://www.hipet.co.jp/product/,source-pet-rabbit-030,verified_active,ハイペット公式小動物商品一覧で確認。
pet-rabbit-031,rabbit-うさぎ用おやつ,うさぎ用おやつ,,rabbit,rabbit,,,,,,,,brand-ハイペット,ハイペット,ハイペット,treat,treat,food,verified_active,false,https://www.hipet.co.jp/product/,source-pet-rabbit-031,verified_active,ハイペット公式小動物商品一覧で確認。
pet-rabbit-032,rabbit-うさぎ用毛球ケア,うさぎ用毛球ケア,,rabbit,rabbit,,,,,,,,brand-ハイペット,ハイペット,ハイペット,hairball_care,hairball_care,replacement_lighting_or_heating,verified_active,false,https://www.hipet.co.jp/product/,source-pet-rabbit-032,verified_active,ハイペット公式小動物商品一覧で確認。
pet-rabbit-033,rabbit-うさぎ用床材,うさぎ用床材,,rabbit,rabbit,,,,,,,,brand-ジェックス,ジェックス,ジェックス,bedding,bedding,care_or_consumable,verified_active,false,https://www.gex-fp.co.jp/animal/,source-pet-rabbit-033,verified_active,ジェックス公式小動物用品カタログで確認。
pet-rabbit-034,rabbit-うさぎ用グルーミング用品,うさぎ用グルーミング用品,,rabbit,rabbit,,,,,,,,brand-ジェックス,ジェックス,ジェックス,grooming,grooming,care_or_consumable,verified_active,false,https://www.gex-fp.co.jp/animal/,source-pet-rabbit-034,verified_active,ジェックス公式小動物用品カタログで確認。
pet-rabbit-035,rabbit-うさぎ用シャンプータオル,うさぎ用シャンプータオル,,rabbit,rabbit,,,,,,,,brand-ジェックス,ジェックス,ジェックス,shampoo_towel,shampoo_towel,care_or_consumable,verified_active,false,https://www.gex-fp.co.jp/animal/,source-pet-rabbit-035,verified_active,ジェックス公式小動物用品カタログで確認。
pet-rabbit-036,rabbit-うさぎ用給水ボトル交換品,うさぎ用給水ボトル交換品,,rabbit,rabbit,,,,,,,,brand-ジェックス,ジェックス,ジェックス,water_replacement,water_replacement,care_or_consumable,verified_active,false,https://www.gex-fp.co.jp/animal/,source-pet-rabbit-036,verified_active,ジェックス公式小動物用品カタログで確認。
pet-small_mammal-037,small_mammal-小動物用おやつ,小動物用おやつ,,small_mammal,,,,,,,,,brand-マルカン,マルカン,マルカン,treat,treat,food,verified_active,false,https://page.mkgr.jp/product/small_animals/category-1342/,source-pet-small_mammal-037,verified_active,マルカン公式小動物フード一覧で確認。
pet-small_mammal-038,small_mammal-小動物用サプリメント,小動物用サプリメント,,small_mammal,,,,,,,,,brand-マルカン,マルカン,マルカン,supplement,supplement,care_or_consumable,verified_active,false,https://page.mkgr.jp/product/small_animals/,source-pet-small_mammal-038,verified_active,マルカン公式小動物用品カタログで確認。
pet-small_mammal-039,small_mammal-小動物用トイレ砂,小動物用トイレ砂,,small_mammal,,,,,,,,,brand-マルカン,マルカン,マルカン,toilet_litter,toilet_litter,bedding_or_filter_media,verified_active,false,https://page.mkgr.jp/product/small_animals/,source-pet-small_mammal-039,verified_active,マルカン公式小動物用品カタログで確認。
pet-small_mammal-040,small_mammal-小動物用グルーミング用品,小動物用グルーミング用品,,small_mammal,,,,,,,,,brand-マルカン,マルカン,マルカン,grooming,grooming,care_or_consumable,verified_active,false,https://page.mkgr.jp/product/small_animals/,source-pet-small_mammal-040,verified_active,マルカン公式小動物用品カタログで確認。
pet-bird-037,bird-小鳥用混合フード,小鳥用混合フード,,bird,,,,,,,,,brand-マルカン,マルカン,マルカン,mixed_food,mixed_food,food,verified_active,false,https://page.mkgr.jp/product/bird/category-1341/,source-pet-bird-037,verified_active,マルカン公式小鳥フード一覧で確認。
pet-bird-038,bird-小鳥用おやつ,小鳥用おやつ,,bird,,,,,,,,,brand-マルカン,マルカン,マルカン,treat,treat,food,verified_active,false,https://page.mkgr.jp/product/bird/category-1341/,source-pet-bird-038,verified_active,マルカン公式小鳥フード一覧で確認。
pet-bird-039,bird-小鳥用サプリメント,小鳥用サプリメント,,bird,,,,,,,,,brand-マルカン,マルカン,マルカン,supplement,supplement,care_or_consumable,verified_active,false,https://page.mkgr.jp/product/bird/category-1341/,source-pet-bird-039,verified_active,マルカン公式小鳥フード一覧で確認。
pet-bird-040,bird-小鳥用砂,小鳥用砂,,bird,,,,,,,,,brand-マルカン,マルカン,マルカン,sand,sand,bedding_or_filter_media,verified_active,false,https://page.mkgr.jp/product/bird/,source-pet-bird-040,verified_active,マルカン公式小鳥用品カタログで確認。
pet-bird-041,bird-小鳥用消臭用品,小鳥用消臭用品,,bird,,,,,,,,,brand-マルカン,マルカン,マルカン,deodorizer,deodorizer,care_or_consumable,verified_active,false,https://page.mkgr.jp/product/bird/,source-pet-bird-041,verified_active,マルカン公式小鳥用品カタログで確認。
pet-aquarium_fish-070,aquarium_fish-冷凍赤虫,冷凍赤虫,,aquarium_fish,,,,,,,,,brand-キョーリン,キョーリン,キョーリン,frozen_food,frozen_food,food,verified_active,false,https://www.kyorin-net.co.jp/product/index.html,source-pet-aquarium_fish-070,verified_active,キョーリン公式観賞魚用品カタログで確認。
pet-aquarium_fish-071,aquarium_fish-乾燥イトミミズ,乾燥イトミミズ,,aquarium_fish,,,,,,,,,brand-キョーリン,キョーリン,キョーリン,dried_food,dried_food,food,verified_active,false,https://www.kyorin-net.co.jp/product/index.html,source-pet-aquarium_fish-071,verified_active,キョーリン公式観賞魚用品カタログで確認。
pet-aquarium_fish-072,aquarium_fish-生体餌ブラインシュリンプ,生体餌ブラインシュリンプ,,aquarium_fish,,,,,,,,,brand-キョーリン,キョーリン,キョーリン,live_food,live_food,food,verified_active,false,https://www.kyorin-net.co.jp/product/index.html,source-pet-aquarium_fish-072,verified_active,キョーリン公式観賞魚用品カタログで確認。
pet-aquarium_fish-073,aquarium_fish-エビ用フード,エビ用フード,,aquarium_fish,shrimp,,,,,freshwater,,freshwater,brand-キョーリン,キョーリン,キョーリン,shrimp_food,shrimp_food,food,verified_active,false,https://www.kyorin-net.co.jp/product/index.html,source-pet-aquarium_fish-073,verified_active,キョーリン公式観賞魚用品カタログで確認。
pet-aquarium_fish-074,aquarium_fish-観賞魚用塩,観賞魚用塩,,aquarium_fish,,,,,,,,,brand-ジェックス,ジェックス,ジェックス,aquarium_salt,aquarium_salt,care_or_consumable,verified_active,false,https://www.gex-fp.co.jp/fish/,source-pet-aquarium_fish-074,verified_active,ジェックス公式観賞魚用品カタログで確認。
pet-aquarium_fish-075,aquarium_fish-観賞魚用ウールマット,観賞魚用ウールマット,,aquarium_fish,,,,,,,,,brand-ジェックス,ジェックス,ジェックス,wool_mat,wool_mat,bedding_or_filter_media,verified_active,false,https://www.gex-fp.co.jp/fish/,source-pet-aquarium_fish-075,verified_active,ジェックス公式観賞魚用品カタログで確認。
pet-aquarium_fish-076,aquarium_fish-観賞魚用砂利,観賞魚用砂利,,aquarium_fish,,,,,,,,,brand-ジェックス,ジェックス,ジェックス,gravel,gravel,bedding_or_filter_media,verified_active,false,https://www.gex-fp.co.jp/fish/,source-pet-aquarium_fish-076,verified_active,ジェックス公式観賞魚用品カタログで確認。
pet-aquarium_fish-077,aquarium_fish-観賞魚用ソイル,観賞魚用ソイル,,aquarium_fish,,,,,,,,,brand-ジェックス,ジェックス,ジェックス,soil,soil,bedding_or_filter_media,verified_active,false,https://www.gex-fp.co.jp/fish/,source-pet-aquarium_fish-077,verified_active,ジェックス公式観賞魚用品カタログで確認。
pet-reptile_amphibian-040,reptile_amphibian-爬虫類用ペレット,爬虫類用ペレット,,reptile_amphibian,,,,,,,,,brand-ジェックス,ジェックス,ジェックス,pellet,pellet,food,verified_active,false,https://product.gex-fp.co.jp/exoterra/?cid=409&m=ProductList,source-pet-reptile_amphibian-040,verified_active,GEX公式フード一覧で確認。
pet-reptile_amphibian-041,reptile_amphibian-爬虫類用活餌,爬虫類用活餌,,reptile_amphibian,,,,,,,,,brand-ジェックス,ジェックス,ジェックス,live_food,live_food,food,verified_active,false,https://product.gex-fp.co.jp/exoterra/,source-pet-reptile_amphibian-041,verified_active,GEX公式爬虫類用品カタログで確認。
pet-reptile_amphibian-042,reptile_amphibian-爬虫類用ゼリー,爬虫類用ゼリー,,reptile_amphibian,,,,,,,,,brand-ジェックス,ジェックス,ジェックス,reptile_jelly,reptile_jelly,food,verified_active,false,https://product.gex-fp.co.jp/exoterra/?cid=409&m=ProductList,source-pet-reptile_amphibian-042,verified_active,GEX公式フード一覧で確認。
pet-reptile_amphibian-043,reptile_amphibian-カメ用フィルター交換材,カメ用フィルター交換材,,reptile_amphibian,turtle,,,,,,,,brand-ジェックス,ジェックス,ジェックス,filter_media,filter_media,bedding_or_filter_media,verified_active,false,https://www.gex-fp.co.jp/,source-pet-reptile_amphibian-043,verified_active,ジェックス公式用品カタログで確認。
pet-reptile_amphibian-044,reptile_amphibian-爬虫類用紫外線ライト,爬虫類用紫外線ライト,,reptile_amphibian,,,,,,,,,brand-ジェックス,ジェックス,ジェックス,uv_lighting,uv_lighting,replacement_lighting_or_heating,verified_active,false,https://product.gex-fp.co.jp/exoterra/?cid=402&m=ProductList,source-pet-reptile_amphibian-044,verified_active,GEX公式UV球一覧で確認。
pet-reptile_amphibian-045,reptile_amphibian-爬虫類用保温球,爬虫類用保温球,,reptile_amphibian,,,,,,,,,brand-ジェックス,ジェックス,ジェックス,heat_lamp,heat_lamp,replacement_lighting_or_heating,verified_active,false,https://product.gex-fp.co.jp/exoterra/?cid=404&m=ProductList,source-pet-reptile_amphibian-045,verified_active,GEX公式ライティング一覧で確認。
pet-insect-027,insect-カブトムシ用成虫マット,カブトムシ用成虫マット,,insect,rhinoceros_beetle,,,adult,adult,,,,brand-フジコン,フジコン,フジコン,adult_mat,adult_mat,bedding_or_filter_media,verified_active,false,https://www.fujikon.net/04mat.htm,source-pet-insect-027,verified_active,フジコン公式昆虫マット一覧で確認。
pet-insect-028,insect-カブトムシ用蜜,カブトムシ用蜜,,insect,rhinoceros_beetle,,,,,,,,brand-マルカン,マルカン,マルカン,insect_honey,insect_honey,care_or_consumable,verified_active,false,https://page.mkgr.jp/product/insect/category-1359/,source-pet-insect-028,verified_active,マルカン公式昆虫フード一覧で確認。
pet-insect-029,insect-昆虫用カルシウム,昆虫用カルシウム,,insect,,,,,,,,,brand-フジコン,フジコン,フジコン,calcium,calcium,care_or_consumable,verified_active,false,https://fujikon.net/,source-pet-insect-029,verified_active,フジコン公式商品一覧で確認。
pet-insect-030,insect-昆虫ケース用床材,昆虫ケース用床材,,insect,,,,,,,,,brand-フジコン,フジコン,フジコン,case_bedding,case_bedding,care_or_consumable,verified_active,false,https://www.fujikon.net/04mat.htm,source-pet-insect-030,verified_active,フジコン公式昆虫マット一覧で確認。
