id,pet_group,target_species,target_species_group,category_id,subcategory_id,keyword,negative_keywords,rakuten_genre_id,yahoo_genre_category_id,yahoo_brand_id,priority,enabled,max_pages,last_searched_at
psq-cat-dry-food,cat,cat,,cat_food,subcat_001,猫 ドライフード,犬|ドッグ,,,,100,true,5,
psq-cat-wet-food,cat,cat,,cat_food,subcat_002,猫 ウェットフード,犬|ドッグ,,,,100,true,5,
psq-cat-therapeutic-food,cat,cat,,cat_food,subcat_004,猫 療法食,犬用|ドッグ,,,,95,true,5,
psq-cat-kitten-food,cat,cat,,cat_food,subcat_001,猫 子猫用 ドライフード,犬用|成猫用|シニア用,,,,95,true,5,
psq-cat-senior-food,cat,cat,,cat_food,subcat_001,猫 シニア用 ドライフード,犬用|子猫用|成猫用,,,,90,true,4,
psq-cat-treat,cat,cat,,cat_treat,subcat_005,猫 おやつ,犬|ドッグ,,,,95,true,5,
psq-cat-functional-treat,cat,cat,,cat_treat,subcat_006,猫 機能性 おやつ,犬用|ドッグ,,,,90,true,4,
psq-cat-dental-treat,cat,cat,,cat_treat,subcat_007,猫 デンタル おやつ,犬用|人用,,,,90,true,4,
psq-cat-hairball-care,cat,cat,,cat_treat,subcat_006,猫 毛玉ケア,犬用|うさぎ用|フェレット用,,,,90,true,4,
psq-cat-litter,cat,cat,,cat_litter_toilet,subcat_008,猫 鉱物系 猫砂,うさぎ|小動物|紙製|おから|シリカゲル,,,,95,true,5,
psq-cat-litter-paper,cat,cat,,cat_litter_toilet,subcat_009,猫 紙製 猫砂,うさぎ用|小動物用|鉱物系|おから,,,,90,true,4,
psq-cat-litter-wood,cat,cat,,cat_litter_toilet,subcat_010,猫 木 ひのき 猫砂,うさぎ用|小動物用|鉱物系|おから,,,,90,true,4,
psq-cat-litter-okara,cat,cat,,cat_litter_toilet,subcat_011,猫 おから 猫砂,うさぎ用|小動物用|鉱物系|紙製,,,,90,true,4,
psq-cat-litter-silica,cat,cat,,cat_litter_toilet,subcat_012,猫 シリカゲル 猫砂,うさぎ用|小動物用|鉱物系|紙製,,,,85,true,4,
psq-cat-system-toilet-chips,cat,cat,,cat_litter_toilet,subcat_013,猫 システムトイレ チップ,犬用|うさぎ用|本体のみ,,,,95,true,5,
psq-cat-system-toilet-sheets,cat,cat,,cat_litter_toilet,subcat_014,猫 システムトイレ シート,犬用|うさぎ用|本体のみ,,,,95,true,5,
psq-cat-deodorizer,cat,cat,,cat_care_cleaning,subcat_016,猫 トイレ 消臭用品,犬用|うさぎ用|小動物用,,,,90,true,4,
psq-cat-wet-tissues,cat,cat,,cat_care_cleaning,subcat_017,猫用 ウェットティッシュ,犬用|人用|赤ちゃん用,,,,85,true,4,
psq-cat-dental-care,cat,cat,,cat_care_cleaning,subcat_018,猫 歯磨き用品,犬用|人用,,,,95,true,5,
psq-cat-grooming,cat,cat,,cat_care_cleaning,subcat_019,猫 グルーミング用品,犬用|小動物用,,,,85,true,4,
psq-cat-shampoo,cat,cat,,cat_care_cleaning,subcat_025,猫 シャンプー,犬用|人用|小動物用,,,,90,true,4,
psq-cat-flea-tick-care,cat,cat,,cat_care_cleaning,subcat_025,猫 ノミ ダニ 対策用品,犬用|小動物用|室内用殺虫剤,,,,90,true,4,
psq-cat-catgrass-catnip,cat,cat,,cat_treat,subcat_022,猫 猫草 またたび,犬用|小動物用|栽培キットのみ,,,,85,true,4,
psq-cat-milk,cat,cat,,cat_health,subcat_023,猫用 ミルク,犬用|人用|小動物用,,,,85,true,4,
psq-cat-supplement,cat,cat,,cat_health,subcat_024,猫 サプリメント,犬用|人用|小動物用,,,,90,true,4,
psq-cat-scratcher-refill,cat,cat,,cat_semi_consumable,subcat_020,猫 爪とぎ 交換用,本体のみ|犬用|小動物用,,,,85,true,4,
psq-cat-water-filter,cat,cat,,cat_care_cleaning,subcat_025,猫 給水器 交換フィルター,観賞魚用|犬用|本体のみ,,,,90,true,4,
psq-dog-dry-food,dog,dog,,dog_food,dog_dry_food,犬 ドライフード,猫|キャット,,,,100,true,5,
psq-dog-wet-food,dog,dog,,dog_food,dog_wet_food,犬 ウェットフード,猫|キャット,,,,95,true,5,
psq-dog-treat,dog,dog,,dog_food,dog_treat,犬 おやつ,猫|キャット,,,,90,true,4,
psq-rabbit-pellet,rabbit,rabbit,,rabbit_food,rabbit_pellet,うさぎ ペレット,ハムスター|モルモット|フェレット,,,,100,true,5,
psq-rabbit-timothy,rabbit,rabbit,,timothy,timothy,うさぎ チモシー,猫|犬|フィーダー|牧草入れ|かじり木,,,,100,true,5,
psq-rabbit-hay,rabbit,rabbit,,rabbit_food,rabbit_hay_treat,うさぎ 牧草,猫|犬|フィーダー|牧草入れ|かじり木,,,,95,true,5,
psq-rabbit-treat,rabbit,rabbit,,rabbit_food,rabbit_hay_treat,うさぎ おやつ,猫|犬,,,,90,true,4,
psq-rabbit-toilet-litter,rabbit,rabbit,,toilet_litter,toilet_litter,うさぎ トイレ砂,猫砂|ハムスター,,,,90,true,4,
psq-rabbit-bedding,rabbit,rabbit,,bedding,bedding,うさぎ 床材,猫砂,,,,85,true,4,
psq-rabbit-hairball,rabbit,rabbit,,hairball_care,hairball_care,うさぎ 毛球ケア,猫|フェレット,,,,85,true,4,
psq-rabbit-supplement,rabbit,rabbit,,supplement,supplement,うさぎ サプリメント,猫|犬,,,,85,true,4,
psq-hamster-food,small_animal,hamster,,small_mammal_food,hamster_food,ハムスター フード,うさぎ|モルモット|フェレット,,,,100,true,5,
psq-hamster-pellet,small_animal,hamster,,small_mammal_food,hamster_food,ハムスター ペレット,うさぎ|モルモット|フェレット,,,,100,true,5,
psq-hamster-treat,small_animal,hamster,,small_mammal_food,hamster_food,ハムスター おやつ,うさぎ|モルモット|フェレット,,,,90,true,4,
psq-hamster-bedding,small_animal,hamster,,bedding,bedding,ハムスター 床材,猫砂|爬虫類,,,,90,true,4,
psq-hamster-nesting,small_animal,hamster,,nesting_material,nesting_material,ハムスター 巣材,鳥|昆虫,,,,90,true,4,
psq-hamster-bathing-sand,small_animal,hamster,,bathing_sand,bathing_sand,ハムスター 浴び砂,鳥|爬虫類,,,,90,true,4,
psq-hamster-toilet-litter,small_animal,hamster,,toilet_litter,toilet_litter,ハムスター トイレ砂,猫砂|うさぎ,,,,90,true,4,
psq-gerbil-food,small_animal,gerbil,,small_mammal_food,small_mammal_food,スナネズミ フード,ハムスター|うさぎ,,,,85,true,4,
psq-guinea-pig-food,small_animal,guinea_pig,,small_mammal_food,small_mammal_food,モルモット フード,ハムスター|フェレット,,,,100,true,5,
psq-guinea-pig-pellet,small_animal,guinea_pig,,small_mammal_food,small_mammal_pellet,モルモット ペレット,ハムスター|フェレット,,,,100,true,5,
psq-guinea-pig-hay,small_animal,guinea_pig,,timothy,timothy,モルモット 牧草,猫|犬,,,,95,true,5,
psq-guinea-pig-vitamin-c,small_animal,guinea_pig,,vitamin,vitamin,モルモット ビタミンC,ハムスター|フェレット,,,,95,true,5,
psq-guinea-pig-bedding,small_animal,guinea_pig,,bedding,bedding,モルモット 床材,猫砂|爬虫類,,,,85,true,4,
psq-chinchilla-food,small_animal,chinchilla,,small_mammal_food,small_mammal_food,チンチラ フード,ハムスター|フェレット,,,,90,true,4,
psq-degu-food,small_animal,degu,,small_mammal_food,small_mammal_food,デグー フード,ハムスター|フェレット,,,,90,true,4,
psq-ferret-food,small_animal,ferret,,small_mammal_food,small_mammal_food,フェレット フード,うさぎ|ハムスター|モルモット,,,,100,true,5,
psq-ferret-treat,small_animal,ferret,,small_mammal_food,small_mammal_food,フェレット おやつ,うさぎ|ハムスター,,,,95,true,5,
psq-ferret-hairball,small_animal,ferret,,hairball_care,hairball_care,フェレット 毛球ケア,猫|うさぎ,,,,90,true,4,
psq-ferret-toilet-litter,small_animal,ferret,,toilet_litter,toilet_litter,フェレット トイレ砂,猫砂|うさぎ,,,,90,true,4,
psq-ferret-deodorizer,small_animal,ferret,,deodorizer,deodorizer,フェレット 消臭,猫|犬,,,,85,true,4,
psq-hedgehog-food,small_animal,hedgehog,,small_mammal_food,small_mammal_food,ハリネズミ フード,ハムスター|フェレット,,,,90,true,4,
psq-sugar-glider-food,small_animal,sugar_glider,,small_mammal_food,small_mammal_food,フクロモモンガ フード,ハムスター|フェレット,,,,90,true,4,
psq-small-animal-bedding,small_animal,,,bedding,bedding,小動物 床材,猫砂|爬虫類,,,,40,false,1,
psq-small-animal-nesting,small_animal,,,nesting_material,nesting_material,小動物 巣材,鳥|昆虫,,,,40,false,1,
psq-small-animal-deodorizer,small_animal,,,deodorizer,deodorizer,小動物 消臭,猫|犬,,,,35,false,1,
psq-small-animal-care,small_animal,,,grooming,grooming,小動物 ケア用品,猫|犬,,,,30,false,1,
psq-budgerigar-food,bird,budgerigar,,bird_food,bird_seed_food,セキセイインコ フード,ハムスター|うさぎ,,,,100,true,5,
psq-cockatiel-food,bird,cockatiel,,bird_food,bird_seed_food,オカメインコ フード,ハムスター|うさぎ,,,,95,true,5,
psq-java-sparrow-food,bird,java_sparrow,,bird_food,bird_seed_food,文鳥 フード,ハムスター|うさぎ,,,,95,true,5,
psq-small-bird-food,bird,,small_bird,bird_food,bird_seed_food,小鳥 フード,ハムスター|うさぎ,,,,70,true,3,
psq-medium-parrot-food,bird,,medium_parrot,bird_food,bird_pellet,中型インコ フード,小鳥用|大型インコ用,,,,75,true,3,
psq-large-parrot-food,bird,,large_parrot,bird_food,bird_pellet,大型インコ フード,小鳥用|中型インコ用,,,,75,true,3,
psq-goldfish-food,aquarium,goldfish,,fish_supplies,goldfish_food,金魚 フード,メダカ|海水魚,,,,100,true,5,
psq-medaka-food,aquarium,medaka,,fish_supplies,medaka_food,メダカ フード,金魚|海水魚,,,,100,true,5,
psq-betta-food,aquarium,betta,,betta_food,betta_food,ベタ フード,金魚|海水魚,,,,95,true,5,
psq-tropical-fish-food,aquarium,tropical_fish,,fish_supplies,tropical_fish_food,熱帯魚 フード,海水魚,,,,90,true,4,
psq-marine-fish-food,aquarium,marine_fish,,marine_food,marine_food,海水魚 フード,淡水用|金魚|メダカ,,,,100,true,5,
psq-aquatic-plant-fertilizer,aquarium,aquatic_plant,,plant_fertilizer,plant_fertilizer,水草 肥料,魚用フード|餌,,,,90,true,4,
psq-tortoise-food,reptile_amphibian,tortoise,,reptile_amphibian_supplies,reptile_food,リクガメ 草食 フード,水棲ガメ|肉食|雑食,,,,100,true,6,
psq-gecko-food,reptile_amphibian,gecko,,reptile_amphibian_supplies,reptile_food,ヤモリ 昆虫食 フード,リクガメ|草食|雑食,,,,95,true,5,
psq-lizard-food,reptile_amphibian,lizard,,reptile_amphibian_supplies,reptile_food,トカゲ 雑食 フード,リクガメ専用|肉食専用|昆虫食専用,,,,90,true,4,
psq-frog-food,reptile_amphibian,frog,,reptile_amphibian_supplies,reptile_food,カエル 肉食 フード,観賞魚|リクガメ|草食,,,,90,true,6,
psq-reptile-substrate,reptile_amphibian,,,reptile_amphibian_supplies,reptile_substrate_care,爬虫類 床材,小動物|昆虫マット,,,,50,false,1,
psq-rhinoceros-beetle-jelly,insect,rhinoceros_beetle,,insect_supplies,insect_jelly,カブトムシ 成虫用 昆虫ゼリー,幼虫用|クワガタ専用|活餌用,,,,100,true,5,
psq-stag-beetle-jelly,insect,stag_beetle,,insect_supplies,insect_jelly,クワガタ 成虫用 昆虫ゼリー,幼虫用|カブトムシ専用|活餌用,,,,100,true,5,
psq-rhinoceros-beetle-larva-mat,insect,rhinoceros_beetle,,insect_supplies,insect_bedding,カブトムシ 幼虫 マット,成虫用|クワガタ専用,,,,100,true,5,
psq-stag-beetle-kinshi,insect,stag_beetle,,kinshi_bottle,kinshi_bottle,クワガタ 幼虫 菌糸ビン,成虫用|カブトムシ用,,,,100,true,5,
psq-cricket-food,insect,cricket,,cricket_food,cricket_food,コオロギ フード,爬虫類用フード|活餌用,,,,90,true,4,
psq-bell-cricket-food,insect,bell_cricket,,bell_cricket_food,bell_cricket_food,スズムシ フード,コオロギ|活餌用,,,,90,true,4,
psq-dog-semi-moist-food,dog,dog,,semi_moist_food,semi_moist_food,犬 セミモイストフード,猫|キャット,,,,95,true,5,
psq-dog-therapeutic-food,dog,dog,,therapeutic_food,therapeutic_food,犬 療法食,猫用|キャット,,,,95,true,5,
psq-dog-puppy-food,dog,dog,,dog_food,dog_dry_food,犬 子犬用 フード,猫|成犬用|シニア用,,,,95,true,5,
psq-dog-adult-food,dog,dog,,dog_food,dog_dry_food,犬 成犬用 フード,猫|子犬用|シニア用,,,,95,true,5,
psq-dog-senior-food,dog,dog,,dog_food,dog_dry_food,犬 シニア用 フード,猫|子犬用|成犬用,,,,95,true,5,
psq-dog-breed-food,dog,dog,,dog_food,dog_dry_food,犬 犬種別 フード,猫|キャット,,,,85,true,4,
psq-dog-small-breed-food,dog,dog,,dog_food,dog_dry_food,犬 小型犬用 フード,猫|中型犬用|大型犬用,,,,95,true,5,
psq-dog-medium-breed-food,dog,dog,,dog_food,dog_dry_food,犬 中型犬用 フード,猫|小型犬用|大型犬用,,,,90,true,4,
psq-dog-large-breed-food,dog,dog,,dog_food,dog_dry_food,犬 大型犬用 フード,猫|小型犬用|中型犬用,,,,95,true,5,
psq-dog-dental-care,dog,dog,,dental_care,dental_care,犬 デンタルケア用品,猫用|人用,,,,90,true,4,
psq-dog-supplement,dog,dog,,supplement,supplement,犬 サプリメント,猫用|人用,,,,90,true,4,
psq-dog-milk,dog,dog,,milk,milk,犬用 ミルク,猫用|人用,,,,90,true,4,
psq-dog-pet-sheets,dog,dog,,pet_sheets,pet_sheets,犬 ペットシーツ,猫用|うさぎ用,,,,95,true,5,
psq-dog-manner-wear,dog,dog,,diapers,diapers,犬 マナーウェア,猫用|人用,,,,95,true,5,
psq-dog-diapers,dog,dog,,diapers,diapers,犬 おむつ,猫用|人用,,,,95,true,5,
psq-dog-deodorizer,dog,dog,,deodorizer,deodorizer,犬 消臭用品,猫用|小動物用,,,,85,true,4,
psq-dog-shampoo,dog,dog,,shampoo,shampoo,犬 シャンプー,猫用|人用,,,,90,true,4,
psq-dog-conditioner,dog,dog,,conditioner,conditioner,犬 トリートメント,猫用|人用,,,,85,true,4,
psq-dog-ear-care,dog,dog,,ear_care,ear_care,犬 耳ケア,猫用|人用,,,,85,true,4,
psq-dog-eye-care,dog,dog,,eye_care,eye_care,犬 目元ケア,猫用|人用,,,,85,true,4,
psq-dog-paw-care,dog,dog,,paw_care,paw_care,犬 肉球ケア,猫用|人用,,,,85,true,4,
psq-dog-toothpaste,dog,dog,,dental_care,dental_care,犬 歯磨き用品,猫用|人用,,,,90,true,4,
psq-dog-flea-tick-care,dog,dog,,flea_tick_care,flea_tick_care,犬 ノミ ダニ 対策用品,猫用|小動物用,,,,90,true,4,
psq-dog-wet-tissues,dog,dog,,wet_tissues,wet_tissues,犬 ウェットティッシュ,猫用|人用,,,,85,true,4,
psq-dog-waste-bags,dog,dog,,waste_bags,waste_bags,犬 うんち袋,猫用|人用,,,,85,true,4,
psq-dog-toilet,dog,dog,,toilet,toilet,犬 トイレ用品,猫用|うさぎ用,,,,85,true,4,
psq-rabbit-main-pellet,rabbit,rabbit,,main_pellet,main_pellet,うさぎ 主食用 ペレット,ハムスター|モルモット|フェレット,,,,100,true,5,
psq-rabbit-alfalfa,rabbit,rabbit,,alfalfa,alfalfa,うさぎ アルファルファ,猫|犬|ハムスター,,,,95,true,5,
psq-rabbit-supplementary-food,rabbit,rabbit,,supplementary_food,supplementary_food,うさぎ 補助食,猫|犬|ハムスター,,,,90,true,4,
psq-rabbit-chew-toy,rabbit,rabbit,,chew_toy,chew_toy,うさぎ かじり木,ハムスター用|鳥用,,,,90,true,4,
psq-rabbit-toilet-sheets,rabbit,rabbit,,toilet_sheets,toilet_sheets,うさぎ トイレシーツ,猫用|犬用|フェレット用,,,,90,true,4,
psq-rabbit-deodorizer,rabbit,rabbit,,deodorizer,deodorizer,うさぎ 消臭用品,猫用|犬用|フェレット用,,,,85,true,4,
psq-rabbit-grooming,rabbit,rabbit,,grooming,grooming,うさぎ グルーミング用品,猫用|犬用,,,,85,true,4,
psq-rabbit-shampoo-towel,rabbit,rabbit,,shampoo_towel,shampoo_towel,うさぎ シャンプータオル,猫用|犬用,,,,85,true,4,
psq-rabbit-water-replacement,rabbit,rabbit,,water_replacement,water_replacement,うさぎ 給水器 交換品,ハムスター用|犬用|猫用,,,,85,true,4,
psq-squirrel-food,small_animal,squirrel,,small_mammal_food,small_mammal_food,リス 主食 フード,鳥|犬|猫,,,,85,true,4,
psq-prairie-dog-food,small_animal,prairie_dog,,small_mammal_food,small_mammal_food,プレーリードッグ 主食 フード,犬|猫|うさぎ,,,,85,true,4,
psq-chinchilla-pellet,small_animal,chinchilla,,pellet,pellet,チンチラ ペレット,ハムスター|モルモット|デグー,,,,95,true,5,
psq-degu-pellet,small_animal,degu,,pellet,pellet,デグー ペレット,ハムスター|モルモット|チンチラ,,,,95,true,5,
psq-hamster-mixed-food,small_animal,hamster,,mixed_food,mixed_food,ハムスター ミックスフード,うさぎ|モルモット|フェレット,,,,95,true,5,
psq-gerbil-mixed-food,small_animal,gerbil,,mixed_food,mixed_food,スナネズミ ミックスフード,うさぎ|モルモット|フェレット,,,,90,true,4,
psq-chinchilla-hay,small_animal,chinchilla,,timothy,timothy,チンチラ 牧草,ハムスター|フェレット,,,,90,true,4,
psq-degu-hay,small_animal,degu,,timothy,timothy,デグー 牧草,ハムスター|フェレット,,,,90,true,4,
psq-guinea-pig-treat,small_animal,guinea_pig,,treat,treat,モルモット おやつ,ハムスター|フェレット,,,,90,true,4,
psq-chinchilla-treat,small_animal,chinchilla,,treat,treat,チンチラ おやつ,ハムスター|フェレット,,,,85,true,4,
psq-degu-treat,small_animal,degu,,treat,treat,デグー おやつ,ハムスター|フェレット,,,,85,true,4,
psq-hedgehog-treat,small_animal,hedgehog,,treat,treat,ハリネズミ おやつ,ハムスター|フェレット,,,,85,true,4,
psq-sugar-glider-treat,small_animal,sugar_glider,,treat,treat,フクロモモンガ おやつ,ハムスター|フェレット,,,,85,true,4,
psq-hamster-milk,small_animal,hamster,,milk,milk,ハムスター ミルク,うさぎ|犬|猫,,,,85,true,4,
psq-ferret-milk,small_animal,ferret,,milk,milk,フェレット ミルク,うさぎ|ハムスター|犬,,,,85,true,4,
psq-hamster-supplement,small_animal,hamster,,supplement,supplement,ハムスター サプリメント,うさぎ|モルモット|フェレット,,,,85,true,4,
psq-ferret-supplement,small_animal,ferret,,supplement,supplement,フェレット サプリメント,うさぎ|ハムスター|犬,,,,85,true,4,
psq-hamster-chew-toy,small_animal,hamster,,chew_toy,chew_toy,ハムスター かじり木,うさぎ用|鳥用,,,,90,true,4,
psq-guinea-pig-chew-toy,small_animal,guinea_pig,,chew_toy,chew_toy,モルモット かじり木,うさぎ用|ハムスター用,,,,85,true,4,
psq-chinchilla-chew-toy,small_animal,chinchilla,,chew_toy,chew_toy,チンチラ かじり木,うさぎ用|ハムスター用,,,,85,true,4,
psq-degu-chew-toy,small_animal,degu,,chew_toy,chew_toy,デグー かじり木,うさぎ用|ハムスター用,,,,85,true,4,
psq-chinchilla-bedding,small_animal,chinchilla,,bedding,bedding,チンチラ 床材,猫砂|爬虫類用,,,,85,true,4,
psq-degu-bedding,small_animal,degu,,bedding,bedding,デグー 床材,猫砂|爬虫類用,,,,85,true,4,
psq-ferret-bedding,small_animal,ferret,,bedding,bedding,フェレット 床材,猫砂|うさぎ用,,,,85,true,4,
psq-hedgehog-bedding,small_animal,hedgehog,,bedding,bedding,ハリネズミ 床材,猫砂|爬虫類用,,,,85,true,4,
psq-gerbil-nesting,small_animal,gerbil,,nesting_material,nesting_material,スナネズミ 巣材,鳥用|昆虫用,,,,85,true,4,
psq-guinea-pig-toilet-litter,small_animal,guinea_pig,,toilet_litter,toilet_litter,モルモット トイレ砂,猫砂|うさぎ用,,,,85,true,4,
psq-hedgehog-toilet-litter,small_animal,hedgehog,,toilet_litter,toilet_litter,ハリネズミ トイレ砂,猫砂|うさぎ用,,,,85,true,4,
psq-chinchilla-bathing-sand,small_animal,chinchilla,,bathing_sand,bathing_sand,チンチラ 浴び砂,ハムスター用|鳥用,,,,95,true,5,
psq-degu-bathing-sand,small_animal,degu,,bathing_sand,bathing_sand,デグー 浴び砂,ハムスター用|鳥用,,,,90,true,4,
psq-hamster-deodorizer,small_animal,hamster,,deodorizer,deodorizer,ハムスター 消臭用品,猫用|犬用|うさぎ用,,,,85,true,4,
psq-guinea-pig-deodorizer,small_animal,guinea_pig,,deodorizer,deodorizer,モルモット 消臭用品,猫用|犬用|うさぎ用,,,,80,true,3,
psq-ferret-dental-care,small_animal,ferret,,dental_care,dental_care,フェレット デンタルケア用品,猫用|犬用|ハムスター用,,,,85,true,4,
psq-guinea-pig-grooming,small_animal,guinea_pig,,grooming,grooming,モルモット グルーミング用品,猫用|犬用|うさぎ用,,,,80,true,3,
psq-ferret-grooming,small_animal,ferret,,grooming,grooming,フェレット グルーミング用品,猫用|犬用|うさぎ用,,,,80,true,3,
psq-budgerigar-seed,bird,budgerigar,,seed,seed,セキセイインコ シード,ハムスター|うさぎ|オカメインコ専用,,,,100,true,5,
psq-cockatiel-seed,bird,cockatiel,,seed,seed,オカメインコ シード,ハムスター|うさぎ|セキセイインコ専用,,,,95,true,5,
psq-java-sparrow-seed,bird,java_sparrow,,seed,seed,文鳥 シード,ハムスター|うさぎ|インコ専用,,,,95,true,5,
psq-small-bird-pellet,bird,,small_bird,bird_food,bird_pellet,小鳥用 ペレット,ハムスター|うさぎ|大型インコ用,,,,95,true,5,
psq-medium-parrot-pellet,bird,,medium_parrot,bird_food,bird_pellet,中型インコ用 ペレット,小鳥用|大型インコ用,,,,95,true,5,
psq-large-parrot-pellet,bird,,large_parrot,bird_food,bird_pellet,大型インコ用 ペレット,小鳥用|中型インコ用,,,,95,true,5,
psq-budgerigar-mixed-food,bird,budgerigar,,mixed_food,mixed_food,セキセイインコ 混合フード,ハムスター|うさぎ|オカメインコ専用,,,,90,true,4,
psq-cockatiel-mixed-food,bird,cockatiel,,mixed_food,mixed_food,オカメインコ 混合フード,ハムスター|うさぎ|セキセイインコ専用,,,,90,true,4,
psq-small-bird-formula,bird,,small_bird,formula,formula,小鳥用 フォーミュラ,ハムスター|うさぎ|大型インコ用,,,,90,true,4,
psq-budgerigar-chick-food,bird,budgerigar,,chick_food,chick_food,セキセイインコ 雛 手乗り フード,成鳥用|オカメインコ専用,,,,95,true,5,
psq-cockatiel-chick-food,bird,cockatiel,,chick_food,chick_food,オカメインコ 雛 手乗り フード,成鳥用|セキセイインコ専用,,,,90,true,4,
psq-budgerigar-treat,bird,budgerigar,,bird_food,bird_treat,セキセイインコ おやつ,ハムスター|うさぎ|大型インコ用,,,,90,true,4,
psq-cockatiel-treat,bird,cockatiel,,bird_food,bird_treat,オカメインコ おやつ,ハムスター|うさぎ|小鳥専用,,,,90,true,4,
psq-small-bird-supplement,bird,,small_bird,supplement,supplement,小鳥用 サプリメント,犬用|猫用|大型インコ用,,,,85,true,4,
psq-large-parrot-supplement,bird,,large_parrot,supplement,supplement,大型インコ用 サプリメント,犬用|猫用|小鳥用,,,,85,true,4,
psq-small-bird-calcium,bird,,small_bird,calcium,calcium,小鳥用 カルシウム,爬虫類用|大型インコ用,,,,90,true,4,
psq-large-parrot-calcium,bird,,large_parrot,calcium,calcium,大型インコ用 カルシウム,爬虫類用|小鳥用,,,,85,true,4,
psq-small-bird-grit,bird,,small_bird,grit,grit,小鳥用 グリット,爬虫類用|大型インコ用,,,,90,true,4,
psq-small-bird-boreiko,bird,,small_bird,grit,grit,小鳥用 ボレー粉,爬虫類用|大型インコ用,,,,90,true,4,
psq-small-bird-cuttlebone,bird,,small_bird,cuttlebone,cuttlebone,小鳥用 カトルボーン,爬虫類用|大型インコ用,,,,90,true,4,
psq-large-parrot-cuttlebone,bird,,large_parrot,cuttlebone,cuttlebone,大型インコ用 カトルボーン,爬虫類用|小鳥用,,,,85,true,4,
psq-small-bird-salt-earth,bird,,small_bird,mineral,mineral,小鳥用 塩土,爬虫類用|大型インコ用,,,,90,true,4,
psq-small-bird-mineral,bird,,small_bird,mineral,mineral,小鳥用 ミネラル用品,爬虫類用|大型インコ用,,,,85,true,4,
psq-small-bird-bedding,bird,,small_bird,bedding,bedding,小鳥用 床材,ハムスター用|爬虫類用,,,,85,true,4,
psq-small-bird-cage-liner,bird,,small_bird,bedding,bedding,小鳥用 敷紙,犬用|猫用|ハムスター用,,,,85,true,4,
psq-small-bird-sand,bird,,small_bird,sand,sand,小鳥用 砂,ハムスター用|爬虫類用,,,,80,true,3,
psq-small-bird-deodorizer,bird,,small_bird,deodorizer,deodorizer,小鳥用 消臭用品,犬用|猫用|小動物用,,,,80,true,3,
psq-small-bird-bath,bird,,small_bird,bath,bath,小鳥用 水浴び用品,ハムスター用|爬虫類用,,,,85,true,4,
psq-freshwater-flake-food,aquarium,freshwater_fish,,flake_food,flake_food,淡水魚用 フレークフード,海水用|海水魚|爬虫類用,,,,95,true,5,
psq-marine-flake-food,aquarium,marine_fish,,flake_food,flake_food,海水魚用 フレークフード,淡水用|金魚|メダカ,,,,95,true,5,
psq-freshwater-granule-food,aquarium,freshwater_fish,,granule_food,granule_food,淡水魚用 顆粒フード,海水用|海水魚|爬虫類用,,,,95,true,5,
psq-marine-granule-food,aquarium,marine_fish,,granule_food,granule_food,海水魚用 顆粒フード,淡水用|金魚|メダカ,,,,95,true,5,
psq-freshwater-tablet-food,aquarium,freshwater_fish,,tablet_food,tablet_food,淡水魚用 タブレットフード,海水用|海水魚|爬虫類用,,,,90,true,4,
psq-marine-tablet-food,aquarium,marine_fish,,tablet_food,tablet_food,海水魚用 タブレットフード,淡水用|金魚|メダカ,,,,90,true,4,
psq-freshwater-frozen-food,aquarium,freshwater_fish,,frozen_food,frozen_food,淡水魚用 冷凍餌,海水用|海水魚|爬虫類用,,,,90,true,4,
psq-marine-frozen-food,aquarium,marine_fish,,frozen_food,frozen_food,海水魚用 冷凍餌,淡水用|金魚|メダカ,,,,90,true,4,
psq-freshwater-dried-food,aquarium,freshwater_fish,,dried_food,dried_food,淡水魚用 乾燥餌,海水用|海水魚|爬虫類用,,,,90,true,4,
psq-marine-dried-food,aquarium,marine_fish,,dried_food,dried_food,海水魚用 乾燥餌,淡水用|金魚|メダカ,,,,90,true,4,
psq-freshwater-live-food,aquarium,freshwater_fish,,live_food,live_food,淡水魚用 生体餌,海水用|海水魚|爬虫類用|両生類用,,,,90,true,4,
psq-marine-live-food,aquarium,marine_fish,,live_food,live_food,海水魚用 生体餌,淡水用|金魚|メダカ|爬虫類用,,,,90,true,4,
psq-freshwater-fry-food,aquarium,freshwater_fish,,fry_food,fry_food,淡水魚 稚魚用 フード,海水用|成魚用|爬虫類用,,,,95,true,5,
psq-shrimp-food,aquarium,shrimp,,shrimp_food,shrimp_food,観賞エビ用 フード,ザリガニ用|海水魚用|爬虫類用,,,,95,true,5,
psq-freshwater-water-conditioner,aquarium,freshwater_fish,,water_conditioner,water_conditioner,淡水用 水質調整剤,海水用|爬虫類用,,,,95,true,5,
psq-marine-water-conditioner,aquarium,marine_fish,,water_conditioner,water_conditioner,海水用 水質調整剤,淡水用|金魚用|メダカ用,,,,95,true,5,
psq-freshwater-dechlorinator,aquarium,freshwater_fish,,dechlorinator,dechlorinator,淡水用 カルキ抜き,海水用|爬虫類用,,,,95,true,5,
psq-marine-dechlorinator,aquarium,marine_fish,,dechlorinator,dechlorinator,海水用 カルキ抜き,淡水用|金魚用|メダカ用,,,,85,true,4,
psq-freshwater-bacteria,aquarium,freshwater_fish,,bacteria,bacteria,淡水用 バクテリア剤,海水用|爬虫類用,,,,95,true,5,
psq-marine-bacteria,aquarium,marine_fish,,bacteria,bacteria,海水用 バクテリア剤,淡水用|金魚用|メダカ用,,,,95,true,5,
psq-freshwater-algae-control,aquarium,freshwater_fish,,algae_control,algae_control,淡水用 コケ抑制剤,海水用|爬虫類用,,,,90,true,4,
psq-marine-algae-control,aquarium,marine_fish,,algae_control,algae_control,海水用 コケ抑制剤,淡水用|金魚用|メダカ用,,,,90,true,4,
psq-freshwater-fish-medicine,aquarium,freshwater_fish,,fish_medicine,fish_medicine,淡水魚用 魚病薬,海水用|海水魚|人用,,,,90,true,4,
psq-marine-fish-medicine,aquarium,marine_fish,,fish_medicine,fish_medicine,海水魚用 魚病薬,淡水用|金魚用|メダカ用|人用,,,,90,true,4,
psq-freshwater-aquarium-salt,aquarium,freshwater_fish,,aquarium_salt,aquarium_salt,淡水魚用 塩,海水用|海水魚|食用,,,,90,true,4,
psq-marine-aquarium-salt,aquarium,marine_fish,,aquarium_salt,aquarium_salt,海水魚用 人工海水 塩,淡水用|金魚用|メダカ用|食用,,,,95,true,5,
psq-freshwater-filter-media,aquarium,freshwater_fish,,filter_media,filter_media,淡水用 ろ材,海水用|爬虫類用,,,,90,true,4,
psq-marine-filter-media,aquarium,marine_fish,,filter_media,filter_media,海水用 ろ材,淡水用|金魚用|メダカ用,,,,90,true,4,
psq-freshwater-filter-replacement,aquarium,freshwater_fish,,filter_media,filter_media,淡水用 フィルター交換材,海水用|爬虫類用,,,,90,true,4,
psq-marine-filter-replacement,aquarium,marine_fish,,filter_media,filter_media,海水用 フィルター交換材,淡水用|金魚用|メダカ用,,,,90,true,4,
psq-freshwater-activated-carbon,aquarium,freshwater_fish,,activated_carbon,activated_carbon,淡水用 活性炭,海水用|爬虫類用,,,,90,true,4,
psq-marine-activated-carbon,aquarium,marine_fish,,activated_carbon,activated_carbon,海水用 活性炭,淡水用|金魚用|メダカ用,,,,90,true,4,
psq-freshwater-wool-mat,aquarium,freshwater_fish,,wool_mat,wool_mat,淡水用 ウールマット,海水用|爬虫類用,,,,90,true,4,
psq-marine-wool-mat,aquarium,marine_fish,,wool_mat,wool_mat,海水用 ウールマット,淡水用|金魚用|メダカ用,,,,90,true,4,
psq-freshwater-water-test,aquarium,freshwater_fish,,water_test,water_test,淡水用 水質検査用品,海水用|プール用,,,,90,true,4,
psq-marine-water-test,aquarium,marine_fish,,water_test,water_test,海水用 水質検査用品,淡水用|プール用,,,,90,true,4,
psq-freshwater-substrate,aquarium,freshwater_fish,,substrate,substrate,淡水用 底床材,海水用|爬虫類用,,,,90,true,4,
psq-marine-substrate,aquarium,marine_fish,,substrate,substrate,海水用 底床材,淡水用|爬虫類用,,,,90,true,4,
psq-freshwater-gravel,aquarium,freshwater_fish,,gravel,gravel,淡水用 砂利,海水用|園芸用,,,,85,true,4,
psq-marine-gravel,aquarium,marine_fish,,gravel,gravel,海水用 サンゴ砂 砂利,淡水用|園芸用,,,,85,true,4,
psq-aquatic-plant-soil,aquarium,aquatic_plant,,soil,soil,水草用 ソイル 淡水,海水用|園芸用|爬虫類用,,,,95,true,5,
psq-aquatic-plant-co2,aquarium,aquatic_plant,,co2_consumable,co2_consumable,水草用 CO2 消耗品,海水用|医療用,,,,90,true,4,
psq-tortoise-artificial-food,reptile_amphibian,tortoise,,reptile_amphibian_supplies,reptile_food,リクガメ 草食 人工飼料,水棲ガメ用|肉食用|雑食用,,,,100,true,5,
psq-gecko-artificial-food,reptile_amphibian,gecko,,reptile_amphibian_supplies,reptile_food,ヤモリ 昆虫食 人工飼料,リクガメ用|草食用|水棲ガメ用,,,,95,true,5,
psq-lizard-artificial-food,reptile_amphibian,lizard,,reptile_amphibian_supplies,reptile_food,トカゲ 雑食 人工飼料,リクガメ専用|ヘビ専用|カエル専用,,,,90,true,4,
psq-tortoise-pellet,reptile_amphibian,tortoise,,pellet,pellet,リクガメ 草食 ペレット,水棲ガメ用|肉食用|雑食用,,,,100,true,5,
psq-aquatic-turtle-pellet,reptile_amphibian,aquatic_turtle,,pellet,pellet,水棲ガメ 雑食 ペレット,リクガメ用|草食専用|魚用,,,,100,true,5,
psq-axolotl-pellet,reptile_amphibian,axolotl,,pellet,pellet,ウーパールーパー 肉食 ペレット,魚用|リクガメ用|草食用,,,,95,true,5,
psq-snake-frozen-food,reptile_amphibian,snake,,frozen_food,frozen_food,ヘビ 肉食 冷凍餌,魚用|リクガメ用|草食用,,,,95,true,5,
psq-frog-frozen-food,reptile_amphibian,frog,,frozen_food,frozen_food,カエル 肉食 冷凍餌,魚用|リクガメ用|草食用,,,,90,true,4,
psq-axolotl-frozen-food,reptile_amphibian,axolotl,,frozen_food,frozen_food,ウーパールーパー 肉食 冷凍餌,魚用|リクガメ用|草食用,,,,90,true,4,
psq-gecko-dried-food,reptile_amphibian,gecko,,dried_food,dried_food,ヤモリ 昆虫食 乾燥餌,魚用|リクガメ用|草食用,,,,95,true,5,
psq-aquatic-turtle-dried-food,reptile_amphibian,aquatic_turtle,,dried_food,dried_food,水棲ガメ 雑食 乾燥餌,魚用|リクガメ用|草食用,,,,90,true,4,
psq-gecko-live-food,reptile_amphibian,gecko,,live_food,live_food,ヤモリ 昆虫食 活餌,観賞魚用|釣り餌|リクガメ用,,,,95,true,5,
psq-frog-live-food,reptile_amphibian,frog,,live_food,live_food,カエル 昆虫食 活餌,観賞魚用|釣り餌|リクガメ用,,,,90,true,4,
psq-gecko-insect-food,reptile_amphibian,gecko,,insect_food,insect_food,ヤモリ 昆虫食 昆虫フード,観賞昆虫用|リクガメ用|草食用,,,,95,true,5,
psq-tortoise-calcium,reptile_amphibian,tortoise,,calcium,calcium,リクガメ 草食 カルシウム剤,鳥用|犬用|猫用,,,,95,true,5,
psq-gecko-calcium,reptile_amphibian,gecko,,calcium,calcium,ヤモリ 昆虫食 カルシウム剤,鳥用|犬用|猫用,,,,95,true,5,
psq-tortoise-vitamin,reptile_amphibian,tortoise,,vitamin,vitamin,リクガメ 草食 ビタミン剤,鳥用|犬用|猫用,,,,90,true,4,
psq-gecko-vitamin,reptile_amphibian,gecko,,vitamin,vitamin,ヤモリ 昆虫食 ビタミン剤,鳥用|犬用|猫用,,,,90,true,4,
psq-frog-supplement,reptile_amphibian,frog,,supplement,supplement,カエル 肉食 サプリメント,魚用|犬用|猫用,,,,85,true,4,
psq-axolotl-supplement,reptile_amphibian,axolotl,,supplement,supplement,ウーパールーパー 肉食 サプリメント,魚用|犬用|猫用,,,,85,true,4,
psq-aquatic-turtle-water-conditioner,reptile_amphibian,aquatic_turtle,,water_conditioner,water_conditioner,水棲ガメ用 水質調整剤,観賞魚専用|海水用,,,,90,true,4,
psq-frog-water-conditioner,reptile_amphibian,frog,,water_conditioner,water_conditioner,カエル用 水質調整剤,観賞魚専用|海水用,,,,85,true,4,
psq-axolotl-water-conditioner,reptile_amphibian,axolotl,,water_conditioner,water_conditioner,ウーパールーパー用 水質調整剤,観賞魚専用|海水用,,,,90,true,4,
psq-gecko-bedding,reptile_amphibian,gecko,,reptile_amphibian_supplies,reptile_substrate_care,ヤモリ用 床材,小動物用|昆虫用|猫砂,,,,90,true,4,
psq-tortoise-bedding,reptile_amphibian,tortoise,,reptile_amphibian_supplies,reptile_substrate_care,リクガメ用 床材,小動物用|昆虫用|猫砂,,,,90,true,4,
psq-frog-soil,reptile_amphibian,frog,,soil,soil,カエル用 ソイル,水草用|園芸用|観賞魚用,,,,90,true,4,
psq-gecko-soil,reptile_amphibian,gecko,,soil,soil,ヤモリ用 ソイル,水草用|園芸用|観賞魚用,,,,85,true,4,
psq-gecko-coconut-substrate,reptile_amphibian,gecko,,coconut_substrate,coconut_substrate,ヤモリ用 ヤシガラ 床材,小動物用|園芸用|昆虫用,,,,90,true,4,
psq-frog-coconut-substrate,reptile_amphibian,frog,,coconut_substrate,coconut_substrate,カエル用 ヤシガラ 床材,小動物用|園芸用|昆虫用,,,,85,true,4,
psq-tortoise-sand,reptile_amphibian,tortoise,,sand,sand,リクガメ用 サンド,水棲ガメ用|観賞魚用|鳥用,,,,90,true,4,
psq-gecko-sand,reptile_amphibian,gecko,,sand,sand,ヤモリ用 サンド,リクガメ専用|観賞魚用|鳥用,,,,85,true,4,
psq-frog-moss,reptile_amphibian,frog,,reptile_amphibian_supplies,reptile_substrate_care,カエル用 苔 床材,園芸用|小動物用|観賞魚用,,,,85,true,4,
psq-newt-moss,reptile_amphibian,newt,,reptile_amphibian_supplies,reptile_substrate_care,イモリ用 苔 床材,園芸用|小動物用|観賞魚用,,,,85,true,4,
psq-gecko-deodorizer,reptile_amphibian,gecko,,deodorizer,deodorizer,ヤモリ用 消臭用品,犬用|猫用|小動物用,,,,80,true,3,
psq-snake-shedding-care,reptile_amphibian,snake,,shedding_care,shedding_care,ヘビ用 脱皮ケア用品,犬用|猫用|小動物用,,,,90,true,4,
psq-gecko-shedding-care,reptile_amphibian,gecko,,shedding_care,shedding_care,ヤモリ用 脱皮ケア用品,犬用|猫用|小動物用,,,,90,true,4,
psq-gecko-reptile-jelly,reptile_amphibian,gecko,,reptile_jelly,reptile_jelly,ヤモリ用 爬虫類ゼリー 昆虫食,昆虫飼育用|カブトムシ用|クワガタ用,,,,90,true,4,
psq-aquatic-turtle-food,reptile_amphibian,aquatic_turtle,,reptile_amphibian_supplies,reptile_food,水棲ガメ 雑食 フード,リクガメ用|魚用|草食専用,,,,100,true,5,
psq-tortoise-herbivore-food,reptile_amphibian,tortoise,,reptile_amphibian_supplies,reptile_food,リクガメ 草食 主食フード,水棲ガメ用|肉食用|雑食用,,,,40,false,1,
psq-frog-carnivore-food,reptile_amphibian,frog,,reptile_amphibian_supplies,reptile_food,カエル 肉食 専用フード,観賞魚用|リクガメ用|草食用,,,,40,false,1,
psq-axolotl-carnivore-food,reptile_amphibian,axolotl,,reptile_amphibian_supplies,reptile_food,ウーパールーパー 肉食 フード,観賞魚用|リクガメ用|草食用,,,,95,true,5,
psq-tortoise-uv-replacement,reptile_amphibian,tortoise,,uv_lighting,uv_lighting,リクガメ用 紫外線ライト 交換球,照明器具本体|水槽用|植物用,,,,90,true,4,
psq-gecko-uv-replacement,reptile_amphibian,gecko,,uv_lighting,uv_lighting,ヤモリ用 紫外線ライト 交換球,照明器具本体|水槽用|植物用,,,,85,true,4,
psq-tortoise-heat-lamp,reptile_amphibian,tortoise,,heat_lamp,heat_lamp,リクガメ用 保温球,照明器具本体|小動物用|鳥用,,,,90,true,4,
psq-gecko-heat-lamp,reptile_amphibian,gecko,,heat_lamp,heat_lamp,ヤモリ用 保温球,照明器具本体|小動物用|鳥用,,,,90,true,4,
psq-aquatic-turtle-filter-replacement,reptile_amphibian,aquatic_turtle,,filter_media,filter_media,水棲ガメ用 フィルター交換材,観賞魚専用|海水用,,,,90,true,4,
psq-axolotl-filter-replacement,reptile_amphibian,axolotl,,filter_media,filter_media,ウーパールーパー用 フィルター交換材,観賞魚専用|海水用,,,,85,true,4,
psq-stag-beetle-larva-mat,insect,stag_beetle,,insect_supplies,insect_bedding,クワガタ 幼虫用 マット,成虫用|カブトムシ専用|通常飼育マット,,,,100,true,5,
psq-rhinoceros-beetle-adult-mat,insect,rhinoceros_beetle,,adult_mat,adult_mat,カブトムシ 成虫用 マット,幼虫用|クワガタ専用|菌糸ビン,,,,100,true,5,
psq-stag-beetle-adult-mat,insect,stag_beetle,,adult_mat,adult_mat,クワガタ 成虫用 マット,幼虫用|カブトムシ専用|菌糸ビン,,,,100,true,5,
psq-rhinoceros-beetle-fermented-mat,insect,rhinoceros_beetle,,fermented_mat,fermented_mat,カブトムシ 幼虫用 発酵マット,成虫用|クワガタ専用|通常マット,,,,100,true,5,
psq-stag-beetle-fermented-mat,insect,stag_beetle,,fermented_mat,fermented_mat,クワガタ 幼虫用 発酵マット,成虫用|カブトムシ専用|菌糸ビン,,,,100,true,5,
psq-rhinoceros-beetle-spawning-wood,insect,rhinoceros_beetle,,spawning_wood,spawning_wood,カブトムシ 産卵木,クワガタ専用|飼育木|止まり木,,,,95,true,5,
psq-stag-beetle-spawning-wood,insect,stag_beetle,,spawning_wood,spawning_wood,クワガタ 産卵木,カブトムシ専用|飼育木|止まり木,,,,100,true,5,
psq-stag-beetle-burial-mat,insect,stag_beetle,,burial_mat,burial_mat,クワガタ 産卵用 埋め込みマット,成虫飼育用|カブトムシ専用|菌糸ビン,,,,100,true,5,
psq-rhinoceros-beetle-case-bedding,insect,rhinoceros_beetle,,case_bedding,case_bedding,カブトムシ 成虫 飼育ケース用 床材,幼虫用|クワガタ専用|菌糸ビン,,,,95,true,5,
psq-stag-beetle-case-bedding,insect,stag_beetle,,case_bedding,case_bedding,クワガタ 成虫 飼育ケース用 床材,幼虫用|カブトムシ専用|菌糸ビン,,,,95,true,5,
psq-rhinoceros-beetle-leaf-mold,insect,rhinoceros_beetle,,leaf_mold,leaf_mold,カブトムシ 幼虫用 腐葉土,園芸用|成虫用|クワガタ専用,,,,95,true,5,
psq-rhinoceros-beetle-honey,insect,rhinoceros_beetle,,insect_honey,insect_honey,カブトムシ 成虫用 昆虫蜜,幼虫用|活餌用|クワガタ専用,,,,90,true,4,
psq-stag-beetle-honey,insect,stag_beetle,,insect_honey,insect_honey,クワガタ 成虫用 昆虫蜜,幼虫用|活餌用|カブトムシ専用,,,,90,true,4,
psq-feeder-cricket-calcium,insect,cricket,,calcium,calcium,活餌用 コオロギ カルシウム剤,観賞昆虫用|爬虫類本体用|鳥用,,,,90,true,4,
psq-rhinoceros-beetle-hydration,insect,rhinoceros_beetle,,hydration,hydration,カブトムシ 成虫用 給水用品,幼虫用|クワガタ専用|小動物用,,,,90,true,4,
psq-stag-beetle-humidity,insect,stag_beetle,,humidity,humidity,クワガタ 飼育用 保湿用品,カブトムシ専用|小動物用|爬虫類用,,,,90,true,4,
psq-rhinoceros-beetle-deodorizer,insect,rhinoceros_beetle,,deodorizer,deodorizer,カブトムシ 飼育用 消臭用品,クワガタ専用|小動物用|犬用,,,,85,true,4,
psq-stag-beetle-deodorizer,insect,stag_beetle,,deodorizer,deodorizer,クワガタ 飼育用 消臭用品,カブトムシ専用|小動物用|犬用,,,,85,true,4,
