candidate_id,decision,reviewer,review_note,expected_issue_types,pet_group,target_species,target_scope,normalized_name,brand,category_id,subcategory_id,confidence,issue_details,suggested_actions,source,raw_title,source_url,image_url,jan_code,model_number
candidate-02084e652ebd02acb7ef8a3a,,,,target_species_unknown|variant_merge_uncertain,dog,,unconfirmed,SoulMate ベイクド&エアドライフード シーフード,ソウルメイト,dog_food,dog_dry_food,0.45,商品名・説明から具体的な対象種を確認できない。 / 分類・統合confidence=0.45,メーカー公式の商品説明で対象種を確認する。 / バリエーション差と統合先を人手で確認する。,rakuten_product_navi,SoulMate ベイクド&エアドライフード シーフード 40g,https://product.rakuten.co.jp/product/-/ae98d9ef7020120c32c74627a5962aa0/?rafcid=wsc_i_ps_73e738b0-b0b2-4c81-a75d-493b024af8f0,,0796548780060,
candidate-040b4b1d538c79c31983c998,,,,target_species_unknown|variant_merge_uncertain,dog,,unconfirmed,鹿肉 ウェットフード,小諸プレミアム,dog_food,dog_wet_food,0.45,商品名・説明から具体的な対象種を確認できない。 / 分類・統合confidence=0.45,メーカー公式の商品説明で対象種を確認する。 / バリエーション差と統合先を人手で確認する。,rakuten_product_navi,小諸プレミアム 鹿肉 ウェットフード,https://product.rakuten.co.jp/product/-/12834964f558920b93c6abc2c842e32e/?rafcid=wsc_i_ps_73e738b0-b0b2-4c81-a75d-493b024af8f0,https://r.r10s.jp/g/gran_img/im/PFO/UR6/A5U/NUL/e2dbadea4b017aba2ce2eca5aef9daf5.jpg?_ex=128x128,4580062290091,
candidate-0c4c96e02af749b2348f4d63,,,,target_species_unknown,dog,,unconfirmed,ロイヤルカナン SHN ミニ パピー ドライフード,ロイヤルカナン ジャポン,dog_food,dog_dry_food,0.45,商品名・説明から具体的な対象種を確認できない。,メーカー公式の商品説明で対象種を確認する。,rakuten_product_navi,ロイヤルカナン SHN ミニ パピー ドライフード 8kg,https://product.rakuten.co.jp/product/-/09695801faf023729d022429ea7c7298/?rafcid=wsc_i_ps_73e738b0-b0b2-4c81-a75d-493b024af8f0,https://r.r10s.jp/g/gran_img/sh/PEE/NND/9SX/STH/7138e011ee7ddf6438608de5fd943ef5.jpg?_ex=128x128,3182550793049,
candidate-10b98faa0f96ac0d3126ac80,,,,target_species_unknown|variant_merge_uncertain,dog,,unconfirmed,フラックス 食事療法食,ナチュラルハーベスト,therapeutic_food,therapeutic_food,0.45,商品名・説明から具体的な対象種を確認できない。 / 分類・統合confidence=0.45,メーカー公式の商品説明で対象種を確認する。 / バリエーション差と統合先を人手で確認する。,rakuten_product_navi,フラックス 食事療法食(6kg),https://product.rakuten.co.jp/product/-/f73878a899561e4f9dc6b601824f0a36/?rafcid=wsc_i_ps_73e738b0-b0b2-4c81-a75d-493b024af8f0,https://r.r10s.jp/g/gran_img/ko/PFC/758/WNU/LXT/4d16e242c711d941598e0816b34a250c.jpg?_ex=128x128,4521254013104,10803
candidate-119bf369a4900b6ddaff06cd,,,,target_species_unknown|variant_merge_uncertain,dog,,unconfirmed,PURSUIT OF LOVE 生いきいき ウェットフード,株式会社plust,dog_food,dog_wet_food,0.45,商品名・説明から具体的な対象種を確認できない。 / 分類・統合confidence=0.45,メーカー公式の商品説明で対象種を確認する。 / バリエーション差と統合先を人手で確認する。,rakuten_product_navi,PURSUIT OF LOVE 生いきいき ウェットフード 100g,https://product.rakuten.co.jp/product/-/ec6b383f49298ffbe289cad5e1224ef2/?rafcid=wsc_i_ps_73e738b0-b0b2-4c81-a75d-493b024af8f0,,4573106001029,POL001029
candidate-17ca0109835347ed9cfa4d77,,,,target_species_unknown,cat,,unconfirmed,CIAO 香り立つクランキーちゅ~る和え毛玉ケア まぐろアソート,いなば,cat_treat,subcat_006,0.45,商品名・説明から具体的な対象種を確認できない。,メーカー公式の商品説明で対象種を確認する。,rakuten_product_navi,CIAO 香り立つクランキーちゅ～る和え毛玉ケア まぐろアソート(18g×10袋入),https://product.rakuten.co.jp/product/-/61058f6cb85f19f98735407037ac8b50/?rafcid=wsc_i_ps_73e738b0-b0b2-4c81-a75d-493b024af8f0,https://r.r10s.jp/g/gran_img/ko/PFU/U3M/F39/O3V/579cea0f45745354436fb146c2caa032.jpg?_ex=128x128,4901133451652,
candidate-1bd604e93c0504eec9c31a60,,,,target_species_unknown|variant_merge_uncertain,dog,,unconfirmed,ロイヤルカナン ブリード ヘルス ニュートリション ドライフード プードル,ロイヤルカナン ジャポン,dog_food,dog_dry_food,0.45,商品名・説明から具体的な対象種を確認できない。 / 分類・統合confidence=0.45,メーカー公式の商品説明で対象種を確認する。 / バリエーション差と統合先を人手で確認する。,rakuten_product_navi,ロイヤルカナン ブリード ヘルス ニュートリション ドライフード プードル 3kg,https://product.rakuten.co.jp/product/-/4f30641193d007222be26b913528265e/?rafcid=wsc_i_ps_73e738b0-b0b2-4c81-a75d-493b024af8f0,https://r.r10s.jp/g/gran_img/mf/PEE/NI2/33E/UBW/ce3f6c6395bf5f1e411e9c6c97f8bcd9.jpg?_ex=128x128,3182550824545,3182550824545
candidate-1cc15de3fe62f42e512e0a8a,,,,target_species_unknown|variant_merge_uncertain,dog,,unconfirmed,ロイヤルカナン ブリード ヘルス ニュートリション ドライフード,ロイヤルカナン ジャポン,dog_food,dog_dry_food,0.45,商品名・説明から具体的な対象種を確認できない。 / 分類・統合confidence=0.45,メーカー公式の商品説明で対象種を確認する。 / バリエーション差と統合先を人手で確認する。,rakuten_product_navi,ロイヤルカナン ブリード ヘルス ニュートリション ドライフード 1.5kg,https://product.rakuten.co.jp/product/-/6bbe731d435b516c597cb6ee5f2b5f29/?rafcid=wsc_i_ps_73e738b0-b0b2-4c81-a75d-493b024af8f0,https://r.r10s.jp/g/gran_img/mf/PEE/NI3/SPF/O0R/8fcdc8816168bc0ea93597f11bbe939c.jpg?_ex=128x128,3182550824538,3182550824538
candidate-21a6e3017d90f0790d5708dc,,,,target_species_unknown|variant_merge_uncertain,dog,,unconfirmed,セミモイストフード 国産鶏肉&馬肉,ミシュワン,semi_moist_food,semi_moist_food,0.45,商品名・説明から具体的な対象種を確認できない。 / 分類・統合confidence=0.45,メーカー公式の商品説明で対象種を確認する。 / バリエーション差と統合先を人手で確認する。,rakuten_product_navi,ミシュワン セミモイストフード 国産鶏肉＆馬肉(800g),https://product.rakuten.co.jp/product/-/b75feb08e0aad4ffb314b3f4c24a4e5d/?rafcid=wsc_i_ps_73e738b0-b0b2-4c81-a75d-493b024af8f0,https://r.r10s.jp/g/gran_img/ko/PFL/JYG/5LY/JH0/411e9c9b1dfe908a0aea898fa3ac5e0d.jpg?_ex=128x128,4570067420296,
candidate-23865addd83ce4c8f67c0b31,,,,target_species_unknown,dog,,unconfirmed,ペットライン プロフェッショナルバランス 超小粒 1歳まで子いぬ用,プロフェッショナル・バランス,dog_food,dog_dry_food,0.45,商品名・説明から具体的な対象種を確認できない。,メーカー公式の商品説明で対象種を確認する。,yahoo_shopping,ペットライン プロフェッショナルバランス 超小粒 1歳まで子いぬ用 4.8kg,https://store.shopping.yahoo.co.jp/kurosu/33130620ku.html,https://item-shopping.c.yimg.jp/i/j/kurosu_33130620ku,4902418059549,
candidate-2479ef19497067e42d5df0a2,,,,target_species_unknown|variant_merge_uncertain,cat,,unconfirmed,新 またたび 食物繊維で毛玉ケア,スマック,cat_treat,subcat_006,0.45,商品名・説明から具体的な対象種を確認できない。 / 分類・統合confidence=0.45,メーカー公式の商品説明で対象種を確認する。 / バリエーション差と統合先を人手で確認する。,rakuten_product_navi,スマック 新 またたび 食物繊維で毛玉ケア 2g,https://product.rakuten.co.jp/product/-/94be420b13e61afd343a12e1ef815166/?rafcid=wsc_i_ps_73e738b0-b0b2-4c81-a75d-493b024af8f0,,4970022022570,
candidate-248ab6b03aac0746d4bc0fde,,,,target_species_unknown,cat,,unconfirmed,Pramy オメガプラス ウェットフード チキン・チーズゼリー,Peaker株式会社,cat_food,subcat_002,0.45,商品名・説明から具体的な対象種を確認できない。,メーカー公式の商品説明で対象種を確認する。,rakuten_product_navi,Pramy オメガプラス ウェットフード チキン・チーズゼリー 70g,https://product.rakuten.co.jp/product/-/c90df0ae1981fd1671644bd7a09d2af4/?rafcid=wsc_i_ps_73e738b0-b0b2-4c81-a75d-493b024af8f0,,8859601044485,
candidate-24fba05e94b79f619a0a6d92,,,,target_species_unknown,cat,,unconfirmed,バッグ ドライ 毛玉ケア5種ブレンド かつお・まぐろ・鯛・海藻・大麦味,モンプチ,cat_treat,subcat_006,0.45,商品名・説明から具体的な対象種を確認できない。,メーカー公式の商品説明で対象種を確認する。,rakuten_product_navi,モンプチ バッグ ドライ 毛玉ケア5種ブレンド かつお・まぐろ・鯛・海藻・大麦味(600g),https://product.rakuten.co.jp/product/-/e16ea2024b0dd73073d3645fee27f5b6/?rafcid=wsc_i_ps_73e738b0-b0b2-4c81-a75d-493b024af8f0,https://r.r10s.jp/g/gran_img/ko/PEE/NPG/1AF/WHO/0d61e124c2ce19ccbd7a68b4e837d68c.jpg?_ex=128x128,4902201206211,12574280
candidate-24fccd2e1ae8b7d8f64ccdfd,,,,target_species_unknown|variant_merge_uncertain,dog,,unconfirmed,ペットライン プロフェッショナルバランス 1歳まで子いぬ用,プロフェッショナル・バランス,dog_food,dog_dry_food,0.45,商品名・説明から具体的な対象種を確認できない。 / 分類・統合confidence=0.45,メーカー公式の商品説明で対象種を確認する。 / バリエーション差と統合先を人手で確認する。,yahoo_shopping,ペットライン プロフェッショナルバランス 1歳まで子いぬ用 6kg,https://store.shopping.yahoo.co.jp/kurosu/33130608ku.html,https://item-shopping.c.yimg.jp/i/j/kurosu_33130608ku,4902418059426,
candidate-25d748144d4239e0734a28ef,,,,target_species_unknown,cat,,unconfirmed,アンセストラルダイエット ドライフード スキン&コート サーモンレシピ 85397,シグネチャー7,cat_food,subcat_001,0.45,商品名・説明から具体的な対象種を確認できない。,メーカー公式の商品説明で対象種を確認する。,rakuten_product_navi,シグネチャー7 アンセストラルダイエット ドライフード スキン&コート サーモンレシピ 400g 85397,https://product.rakuten.co.jp/product/-/54f21b75612e2cb82273ae4dcb32c374/?rafcid=wsc_i_ps_73e738b0-b0b2-4c81-a75d-493b024af8f0,,0753692085397,
candidate-26d3476f9262261b27d81c55,,,,target_species_unknown,cat,,unconfirmed,ドライ バッグ ナチュラル 毛玉ケア ターキー入りチキンの贅沢,モンプチ,cat_treat,subcat_006,0.45,商品名・説明から具体的な対象種を確認できない。,メーカー公式の商品説明で対象種を確認する。,rakuten_product_navi,モンプチ ドライ バッグ ナチュラル 毛玉ケア ターキー入りチキンの贅沢(500g),https://product.rakuten.co.jp/product/-/903db615a852bb74bfc2baabee011440/?rafcid=wsc_i_ps_73e738b0-b0b2-4c81-a75d-493b024af8f0,https://r.r10s.jp/g/gran_img/ko/PEF/ZHK/FIC/RK2/35db352633d6aea003e4503eb44eaf9d.jpg?_ex=128x128,4902201213073,12459207
candidate-2801fd2b4a807014d1c892e7,,,,target_species_unknown,cat,,unconfirmed,ウエットフード デイリーメニューサーモン入りお肉のムース,アルモネイチャー,cat_food,subcat_002,0.45,商品名・説明から具体的な対象種を確認できない。,メーカー公式の商品説明で対象種を確認する。,rakuten_product_navi,アルモネイチャー ウエットフード デイリーメニューサーモン入りお肉のムース(85g),https://product.rakuten.co.jp/product/-/1a8a35b835292051a9a74ee6efeb5da3/?rafcid=wsc_i_ps_73e738b0-b0b2-4c81-a75d-493b024af8f0,https://r.r10s.jp/g/gran_img/ko/PEE/NBO/LUB/54S/b5902b0f663dd5ae90c6f8d593065481.jpg?_ex=128x128,8001154125320,alm158
candidate-2dc650350e591bfe8de4bd92,,,,target_species_unknown|variant_merge_uncertain,dog,,unconfirmed,ロイヤルカナン ケーナイン ケア ニュートリション ドライフード ミニ ステアライズド,ロイヤルカナン ジャポン,dog_food,dog_dry_food,0.45,商品名・説明から具体的な対象種を確認できない。 / 分類・統合confidence=0.45,メーカー公式の商品説明で対象種を確認する。 / バリエーション差と統合先を人手で確認する。,rakuten_product_navi,ロイヤルカナン ケーナイン ケア ニュートリション ドライフード ミニ ステアライズド 4kg,https://product.rakuten.co.jp/product/-/8172b50179a70d0922b3c760b1aca68e/?rafcid=wsc_i_ps_73e738b0-b0b2-4c81-a75d-493b024af8f0,https://r.r10s.jp/g/gran_img/sh/PEE/N4P/JPD/EQQ/9c3b7ff34f0c65262e228592fff30b5a.jpg?_ex=128x128,3182550902465,3182550902465
candidate-2f55b0c2bc30125db40857fa,,,,variant_merge_uncertain,cat,,group_wide,ねこ元気 お魚と野菜ミックス,ユニ・チャーム,cat_health,subcat_024,0.45,分類・統合confidence=0.45,バリエーション差と統合先を人手で確認する。,rakuten_product_navi,ユニ・チャーム ねこ元気 お魚と野菜ミックス 2kg,https://product.rakuten.co.jp/product/-/56bd62001dafb4e9a6aa997570daf0a7/?rafcid=wsc_i_ps_73e738b0-b0b2-4c81-a75d-493b024af8f0,https://r.r10s.jp/g/gran_img/hm/PEE/NIG/ZPY/X1U/7580495fe00def425a6a55c9ba5dc715.jpg?_ex=128x128,4520699679111,4520699679111
candidate-3193d1be6d3cb67876edd3bf,,,,target_species_unknown,cat,,unconfirmed,ウエットフード デイリーメニューチキンムース,アルモネイチャー,cat_food,subcat_002,0.45,商品名・説明から具体的な対象種を確認できない。,メーカー公式の商品説明で対象種を確認する。,rakuten_product_navi,アルモネイチャー ウエットフード デイリーメニューチキンムース(85g),https://product.rakuten.co.jp/product/-/95a897c246e65d0fc964f02d03c1432e/?rafcid=wsc_i_ps_73e738b0-b0b2-4c81-a75d-493b024af8f0,https://r.r10s.jp/g/gran_img/ko/PEE/NBA/X7D/GNR/c25ac103d1820e0ca0ae7e2f57ef0afa.jpg?_ex=128x128,8001154125023,alm153
candidate-35dd92a6f73fec6017f030c6,,,,target_species_unknown,dog,,unconfirmed,レジーム チキン 食事療法食,ナチュラルハーベスト,therapeutic_food,therapeutic_food,0.45,商品名・説明から具体的な対象種を確認できない。,メーカー公式の商品説明で対象種を確認する。,rakuten_product_navi,レジーム チキン 食事療法食(5kg),https://product.rakuten.co.jp/product/-/a12593cd076af5943441116e5014b17d/?rafcid=wsc_i_ps_73e738b0-b0b2-4c81-a75d-493b024af8f0,https://r.r10s.jp/g/gran_img/ko/PFC/5M1/ICB/1L5/e3f15554a364703c238da62d4ed140a2.jpg?_ex=128x128,4521254013029,10613
candidate-372d480e3200c3ec8813fde3,,,,target_species_unknown,cat,,unconfirmed,ウエットフード まぐろとチキン、ハムジェリー,アルモネイチャー,cat_food,subcat_002,0.45,商品名・説明から具体的な対象種を確認できない。,メーカー公式の商品説明で対象種を確認する。,rakuten_product_navi,アルモネイチャー ウエットフード まぐろとチキン、ハムジェリー(55g),https://product.rakuten.co.jp/product/-/106ae2a38c44c81b497ccbdadf3a8df7/?rafcid=wsc_i_ps_73e738b0-b0b2-4c81-a75d-493b024af8f0,,8001154126174,
candidate-3edcf89845b21900a4436c7d,,,,target_species_unknown,cat,,unconfirmed,贅沢うまみ仕立て 毛玉ケア まぐろ・かつお・煮干し・白身魚・しらす味,銀のスプーン,cat_treat,subcat_006,0.45,商品名・説明から具体的な対象種を確認できない。,メーカー公式の商品説明で対象種を確認する。,rakuten_product_navi,銀のスプーン 贅沢うまみ仕立て 毛玉ケア まぐろ・かつお・煮干し・白身魚・しらす味(800g),https://product.rakuten.co.jp/product/-/17995b014cb165c08277dc0580bfba8e/?rafcid=wsc_i_ps_73e738b0-b0b2-4c81-a75d-493b024af8f0,https://r.r10s.jp/g/gran_img/ko/PFU/QI7/SQV/ZV2/e16be8045ed11f4f8bc35d15ff7f780c.jpg?_ex=128x128,4520699863480,
candidate-3f04c6940cb7f68029d5cf0c,,,,target_species_unknown|variant_merge_uncertain,dog,,unconfirmed,PURSUIT OF LOVE きらきら ぼくらのなみだごはん 食事療法食・肝臓,パシュートオブラブ,therapeutic_food,therapeutic_food,0.45,商品名・説明から具体的な対象種を確認できない。 / 分類・統合confidence=0.45,メーカー公式の商品説明で対象種を確認する。 / バリエーション差と統合先を人手で確認する。,rakuten_product_navi,PURSUIT OF LOVE きらきら ぼくらのなみだごはん 食事療法食・肝臓 800g,https://product.rakuten.co.jp/product/-/8bc4d8538e1d051b9be9569bbafed3a1/?rafcid=wsc_i_ps_73e738b0-b0b2-4c81-a75d-493b024af8f0,,4573106000466,
candidate-45559c1852e1b4edc78f1913,,,,target_species_unknown|variant_merge_uncertain,cat,,unconfirmed,バッグ ドライ 毛玉ケア 5種のブレンド,モンプチ,cat_treat,subcat_006,0.45,商品名・説明から具体的な対象種を確認できない。 / 分類・統合confidence=0.45,メーカー公式の商品説明で対象種を確認する。 / バリエーション差と統合先を人手で確認する。,rakuten_product_navi,モンプチ バッグ ドライ 毛玉ケア 5種のブレンド(600g),https://product.rakuten.co.jp/product/-/167752b24448ca183e9e7bc78ca7f4cf/?rafcid=wsc_i_ps_73e738b0-b0b2-4c81-a75d-493b024af8f0,https://r.r10s.jp/g/gran_img/ko/PFJ/P25/C5D/590/62becef4fe1806ec269defb07af52f69.jpg?_ex=128x128,4902201217941,4902201217941
candidate-4888e2e7ddc5a02a84d626a8,,,,target_species_unknown,cat,,unconfirmed,AatasCat アタス ウェットフード グレインフリー チキン&クラブ,Aatas Cat,cat_food,subcat_002,0.45,商品名・説明から具体的な対象種を確認できない。,メーカー公式の商品説明で対象種を確認する。,rakuten_product_navi,AatasCat アタス ウェットフード グレインフリー チキン&クラブ 80g,https://product.rakuten.co.jp/product/-/96c3c8a33fcf7010aaa7279dd4cff65b/?rafcid=wsc_i_ps_73e738b0-b0b2-4c81-a75d-493b024af8f0,,8885003130105,
candidate-49b6eb46d587cfef7b82705b,,,,target_species_unknown,dog,,unconfirmed,レジーム チキン 食事療法食,ナチュラルハーベスト,therapeutic_food,therapeutic_food,0.45,商品名・説明から具体的な対象種を確認できない。,メーカー公式の商品説明で対象種を確認する。,rakuten_product_navi,レジーム チキン 食事療法食(1.1kg),https://product.rakuten.co.jp/product/-/0ad9ee370a553f6d375694cac8cee74d/?rafcid=wsc_i_ps_73e738b0-b0b2-4c81-a75d-493b024af8f0,https://r.r10s.jp/g/gran_img/ko/PF9/BOL/JTB/MXN/7840ee8092b8e2aac3f48f6c1f28be38.jpg?_ex=128x128,4521254012343,4521254012343
candidate-4bec1c80e467d989700dae28,,,,target_species_unknown,cat,,unconfirmed,Pramy ウェットフード パウチ ツナ・チキンゼリー,Peaker株式会社,cat_food,subcat_002,0.45,商品名・説明から具体的な対象種を確認できない。,メーカー公式の商品説明で対象種を確認する。,rakuten_product_navi,Pramy ウェットフード パウチ ツナ・チキンゼリー 70g,https://product.rakuten.co.jp/product/-/08c3d2e4188ab21458ee7594100d7123/?rafcid=wsc_i_ps_73e738b0-b0b2-4c81-a75d-493b024af8f0,,8859601044270,
candidate-533b51ecd91317e944ef2bdc,,,,target_species_unknown|variant_merge_uncertain,cat,,unconfirmed,Pramy ウェットフード ツナゼリー 44362,Peaker株式会社,cat_food,subcat_002,0.45,商品名・説明から具体的な対象種を確認できない。 / 分類・統合confidence=0.45,メーカー公式の商品説明で対象種を確認する。 / バリエーション差と統合先を人手で確認する。,rakuten_product_navi,Pramy ウェットフード ツナゼリー 70g 44362,https://product.rakuten.co.jp/product/-/73161047a2359e930d1acb42256ec8b3/?rafcid=wsc_i_ps_73e738b0-b0b2-4c81-a75d-493b024af8f0,,8859601044362,
candidate-54ec7e0a63dfe33f9b7548ef,,,,target_species_unknown|variant_merge_uncertain,dog,,unconfirmed,セミモイストフード 国産鶏肉&馬肉,ミシュワン,semi_moist_food,semi_moist_food,0.45,商品名・説明から具体的な対象種を確認できない。 / 分類・統合confidence=0.45,メーカー公式の商品説明で対象種を確認する。 / バリエーション差と統合先を人手で確認する。,rakuten_product_navi,ミシュワン セミモイストフード 国産鶏肉＆馬肉(80g),https://product.rakuten.co.jp/product/-/a941c8a5b721b121a6fe68482e6d0b90/?rafcid=wsc_i_ps_73e738b0-b0b2-4c81-a75d-493b024af8f0,https://r.r10s.jp/g/gran_img/ko/PFO/6O4/5QL/CLT/853d2e334a3fedba72419480f0c8c3bf.jpg?_ex=128x128,4570067420289,
candidate-55ce9c387c1f1e14317b98c4,,,,target_species_unknown,cat,,unconfirmed,ロイヤルカナン フィーライン ヘルス ニュートリション ウェットフード キトン ゼリー,ロイヤルカナン ジャポン,cat_food,subcat_002,0.45,商品名・説明から具体的な対象種を確認できない。,メーカー公式の商品説明で対象種を確認する。,rakuten_product_navi,ロイヤルカナン フィーライン ヘルス ニュートリション ウェットフード キトン ゼリー 85g,https://product.rakuten.co.jp/product/-/010c337600e8744221401cfd4104b118/?rafcid=wsc_i_ps_73e738b0-b0b2-4c81-a75d-493b024af8f0,https://r.r10s.jp/g/gran_img/sh/PEE/NBO/BO7/VY1/9c44a8930f15d4a5fd1db6ca2a222d1c.jpg?_ex=128x128,9003579311714,キトン
candidate-5a6007270ec1c864e83fecc5,,,,target_species_unknown,cat,,unconfirmed,15歳以上用 健康な長生きのために チキン ドライフード シニア,アイムス,cat_food,subcat_001,0.45,商品名・説明から具体的な対象種を確認できない。,メーカー公式の商品説明で対象種を確認する。,rakuten_product_navi,アイムス 15歳以上用 健康な長生きのために チキン ドライフード シニア(1.5kg),https://product.rakuten.co.jp/product/-/fac7aa6d91c28d1b2b88e43331f2880d/?rafcid=wsc_i_ps_73e738b0-b0b2-4c81-a75d-493b024af8f0,https://r.r10s.jp/g/gran_img/ko/PEE/N4R/FLJ/NWL/909020f8eb046b0f36bd941eb691a59c.jpg?_ex=128x128,4902397842057,4902397842057
candidate-5a85b842048dceca4746a63e,,,,target_species_unknown,cat,,unconfirmed,Pramy ウェットフード ステアライズド ツナ・サーモンゼリー,Peaker株式会社,cat_food,subcat_002,0.45,商品名・説明から具体的な対象種を確認できない。,メーカー公式の商品説明で対象種を確認する。,rakuten_product_navi,Pramy ウェットフード ステアライズド ツナ・サーモンゼリー 70g,https://product.rakuten.co.jp/product/-/e9b8d530a26cf806375bf1b6b0f56232/?rafcid=wsc_i_ps_73e738b0-b0b2-4c81-a75d-493b024af8f0,,8859601044294,
candidate-5b0de952c04421deb3937981,,,,target_species_unknown|variant_merge_uncertain,dog,,unconfirmed,1st Wet Food Venison ナチュラルウェット鹿肉,1stWetFood,dog_food,dog_wet_food,0.45,商品名・説明から具体的な対象種を確認できない。 / 分類・統合confidence=0.45,メーカー公式の商品説明で対象種を確認する。 / バリエーション差と統合先を人手で確認する。,rakuten_product_navi,1st Wet Food Venison ナチュラルウェット鹿肉 100g,https://product.rakuten.co.jp/product/-/87eef622e26c85b511b2cfde6b45ddc9/?rafcid=wsc_i_ps_73e738b0-b0b2-4c81-a75d-493b024af8f0,,4573320077510,
candidate-5c16b434c7d8da94d2f489ab,,,,target_species_unknown|variant_merge_uncertain,cat,,unconfirmed,贅沢素材バラエティ 毛玉ケア,銀のスプーン,cat_treat,subcat_006,0.45,商品名・説明から具体的な対象種を確認できない。 / 分類・統合confidence=0.45,メーカー公式の商品説明で対象種を確認する。 / バリエーション差と統合先を人手で確認する。,rakuten_product_navi,銀のスプーン 贅沢素材バラエティ 毛玉ケア(1.1kg),https://product.rakuten.co.jp/product/-/debf36bb0643592a2c80bc3ee2a960de/?rafcid=wsc_i_ps_73e738b0-b0b2-4c81-a75d-493b024af8f0,https://r.r10s.jp/g/gran_img/ko/PEE/N58/ZNP/SNC/3279f721beb57384500ec47a63ab8f3c.jpg?_ex=128x128,4520699648988,4520699648988
candidate-63253ce412610f2107593f38,,,,target_species_unknown,dog,,unconfirmed,いつものごちそう ウェットフード ビーフ&野菜 11歳以上用,ペットアイ,dog_food,dog_wet_food,0.45,商品名・説明から具体的な対象種を確認できない。,メーカー公式の商品説明で対象種を確認する。,rakuten_product_navi,ペットアイ いつものごちそう ウェットフード ビーフ&野菜 100g 11歳以上用,https://product.rakuten.co.jp/product/-/7f73e065a0e79b89c5b79d551879054a/?rafcid=wsc_i_ps_73e738b0-b0b2-4c81-a75d-493b024af8f0,,4522620101333,
candidate-632f2f9af101fd4d712655b4,,,,variant_merge_uncertain,cat,,group_wide,下部尿路の健康維持用 1歳~10歳頃まで,ねこ元気,cat_health,subcat_024,0.45,分類・統合confidence=0.45,バリエーション差と統合先を人手で確認する。,rakuten_product_navi,ねこ元気 下部尿路の健康維持用 1歳～10歳頃まで(2.8kg),https://product.rakuten.co.jp/product/-/f4d063e2e75ed7660697a65eea2a1241/?rafcid=wsc_i_ps_73e738b0-b0b2-4c81-a75d-493b024af8f0,https://r.r10s.jp/g/gran_img/ko/PEE/N5J/UF6/WB8/a3d2d6d85221cc22e8f085c5dc41d7cd.jpg?_ex=128x128,4520699697153,69715
candidate-671b66f0e88528597802b061,,,,target_species_unknown|variant_merge_uncertain,dog,,unconfirmed,PURSUIT OF LOVE きらきら ぼくらのなみだごはん 食事療法食・心臓,パシュートオブラブ,therapeutic_food,therapeutic_food,0.45,商品名・説明から具体的な対象種を確認できない。 / 分類・統合confidence=0.45,メーカー公式の商品説明で対象種を確認する。 / バリエーション差と統合先を人手で確認する。,rakuten_product_navi,PURSUIT OF LOVE きらきら ぼくらのなみだごはん 食事療法食・心臓 800g,https://product.rakuten.co.jp/product/-/abeae961e7a4c4423ee05ee84566a102/?rafcid=wsc_i_ps_73e738b0-b0b2-4c81-a75d-493b024af8f0,,4573106000480,
candidate-6aa90214595fbab28471bea8,,,,target_species_unknown|variant_merge_uncertain,dog,,unconfirmed,アドバンス 尿石ケア pHサポート 11歳から ペットライン,メディコート,dog_food,dog_dry_food,0.45,商品名・説明から具体的な対象種を確認できない。 / 分類・統合confidence=0.45,メーカー公式の商品説明で対象種を確認する。 / バリエーション差と統合先を人手で確認する。,yahoo_shopping,メディコート アドバンス 尿石ケア pHサポート 11歳から 6kg(500g×12) ペットライン 返品種別B,https://store.shopping.yahoo.co.jp/joshin/4902418002446-73-30002801.html,https://item-shopping.c.yimg.jp/i/j/joshin_4902418002446-73-30002801,4902418002446,
candidate-6dad60aa56dc19863c75373f,,,,target_species_unknown,dog,,unconfirmed,ドライフード チキン&ダック,ナチュラリーフレッシュ,dog_food,dog_dry_food,0.45,商品名・説明から具体的な対象種を確認できない。,メーカー公式の商品説明で対象種を確認する。,rakuten_product_navi,ナチュラリーフレッシュ ドライフード チキン&ダック 2.27kg,https://product.rakuten.co.jp/product/-/278e02e33e9d3beb485be6c01609d694/?rafcid=wsc_i_ps_73e738b0-b0b2-4c81-a75d-493b024af8f0,,4589514210267,
candidate-70500ee44b4528fb9d4ee577,,,,variant_merge_uncertain,cat,,group_wide,健康に育つ子ねこ用 お魚とお肉ミックス,ねこ元気,cat_health,subcat_024,0.45,分類・統合confidence=0.45,バリエーション差と統合先を人手で確認する。,rakuten_product_navi,ねこ元気 健康に育つ子ねこ用(離乳から12ヶ月) お魚とお肉ミックス(1.6kg),https://product.rakuten.co.jp/product/-/9381ca89d0537cee09d2f4bdd5324a76/?rafcid=wsc_i_ps_73e738b0-b0b2-4c81-a75d-493b024af8f0,https://r.r10s.jp/g/gran_img/ko/PEE/N3X/XBG/C83/4fe9daa5c6f94a2bd13a027031584dbb.jpg?_ex=128x128,4520699610336,4520699610336
candidate-7c566ee05f20060b1312b74b,,,,target_species_unknown|variant_merge_uncertain,dog,,unconfirmed,メディコート アドバンス アレルゲンカット 魚&お米 子いぬ,ペットライン,dog_food,dog_dry_food,0.45,商品名・説明から具体的な対象種を確認できない。 / 分類・統合confidence=0.45,メーカー公式の商品説明で対象種を確認する。 / バリエーション差と統合先を人手で確認する。,yahoo_shopping,メディコート アドバンス アレルゲンカット 魚＆お米 子いぬ(り乳〜1歳) 2kg(500g×4) ペットライン 返品種別B,https://store.shopping.yahoo.co.jp/joshin/4902418002217-73-30002799.html,https://item-shopping.c.yimg.jp/i/j/joshin_4902418002217-73-30002799,4902418002217,
candidate-7d8a82435ca73c6648bf1d59,,,,target_species_unknown|variant_merge_uncertain,dog,,unconfirmed,フォムファインステン ウェットフード 鳥・牛・豚・子牛 82610,アニモンダ,dog_food,dog_wet_food,0.45,商品名・説明から具体的な対象種を確認できない。 / 分類・統合confidence=0.45,メーカー公式の商品説明で対象種を確認する。 / バリエーション差と統合先を人手で確認する。,rakuten_product_navi,アニモンダ フォムファインステン ウェットフード 鳥・牛・豚・子牛 150g 82610,https://product.rakuten.co.jp/product/-/84432da37f7d0a43624fd9d094c20f6c/?rafcid=wsc_i_ps_73e738b0-b0b2-4c81-a75d-493b024af8f0,https://r.r10s.jp/g/gran_img/im/PEE/NI0/ZY5/75H/5e1f51027711f51c73c817abafa013b6.jpg?_ex=128x128,4017721826105,4017721826105
candidate-7d9152422cf999f2d7a84e43,,,,target_species_unknown,dog,,unconfirmed,フェカリストリプルケア ウェットフード 総合栄養食 タラ&チキン,ナチュラルハーベスト,dog_food,dog_wet_food,0.45,商品名・説明から具体的な対象種を確認できない。,メーカー公式の商品説明で対象種を確認する。,rakuten_product_navi,ナチュラルハーベスト フェカリストリプルケア ウェットフード 総合栄養食 タラ&チキン 90g,https://product.rakuten.co.jp/product/-/49aaea872e85175281aaa4e4ed9d1521/?rafcid=wsc_i_ps_73e738b0-b0b2-4c81-a75d-493b024af8f0,,4521254013845,
candidate-7ed82fa7ee5a7d4c17686198,,,,target_species_unknown,cat,,unconfirmed,毛玉ケア まぐろ・チキン・緑黄色野菜入り,ねこ元気,cat_treat,subcat_006,0.45,商品名・説明から具体的な対象種を確認できない。,メーカー公式の商品説明で対象種を確認する。,rakuten_product_navi,ねこ元気 毛玉ケア まぐろ・チキン・緑黄色野菜入り(1.8kg),https://product.rakuten.co.jp/product/-/13ba682994dd8759e82f15f6d2574410/?rafcid=wsc_i_ps_73e738b0-b0b2-4c81-a75d-493b024af8f0,https://r.r10s.jp/g/gran_img/ko/PEE/NI0/9IV/HH8/a03223728cffe21be6eecc1f4bb34928.jpg?_ex=128x128,4520699619568,4520699619568
candidate-7f7ffb527349df9a1f809d5a,,,,target_species_unknown,cat,,unconfirmed,ウエットフード デイリーメニューチキンとサーモン入り肉魚のご馳走,アルモネイチャー,cat_food,subcat_002,0.45,商品名・説明から具体的な対象種を確認できない。,メーカー公式の商品説明で対象種を確認する。,rakuten_product_navi,アルモネイチャー ウエットフード デイリーメニューチキンとサーモン入り肉魚のご馳走(70g),https://product.rakuten.co.jp/product/-/10790971e672bf076bbbd6ef1bd97866/?rafcid=wsc_i_ps_73e738b0-b0b2-4c81-a75d-493b024af8f0,https://r.r10s.jp/g/gran_img/im/PEE/NM7/9Z3/7LT/d686596467790c397a03e2b8c443d56a.jpg?_ex=128x128,8001154121957,5270
candidate-8021b0abdc52c21d656d2d3e,,,,variant_merge_uncertain,cat,,group_wide,ねこ元気 お魚ミックス,ユニ・チャーム,cat_health,subcat_024,0.45,分類・統合confidence=0.45,バリエーション差と統合先を人手で確認する。,rakuten_product_navi,ユニ・チャーム ねこ元気 お魚ミックス 2kg,https://product.rakuten.co.jp/product/-/c1c5bee8355c663f6f57d0ea78c99ad4/?rafcid=wsc_i_ps_73e738b0-b0b2-4c81-a75d-493b024af8f0,https://r.r10s.jp/g/gran_img/hm/PEE/N5F/NVV/0S2/6c5d66aefdfb386f65526832c9d1d4a4.jpg?_ex=128x128,4520699678909,4520699678909
candidate-85a5fb0eaea384167eeb5157,,,,variant_merge_uncertain,cat,,group_wide,贅沢うまみ仕立て 健康に育つ子ねこ用 お魚づくし ミルク入り,銀のスプーン,cat_health,subcat_023,0.45,分類・統合confidence=0.45,バリエーション差と統合先を人手で確認する。,rakuten_product_navi,銀のスプーン 贅沢うまみ仕立て 健康に育つ子ねこ用 お魚づくし ミルク入り(1.4kg),https://product.rakuten.co.jp/product/-/2e529112e6ce33a25fcdcbc132f43090/?rafcid=wsc_i_ps_73e738b0-b0b2-4c81-a75d-493b024af8f0,https://r.r10s.jp/g/gran_img/ko/PEE/NIK/QFN/EIA/03091fb8619276238fa404830a74b1df.jpg?_ex=128x128,4520699645390,4520699645390
candidate-875823b817108a040539c1bc,,,,target_species_unknown|variant_merge_uncertain,dog,,unconfirmed,ロイヤルカナン マキシ ライト ウェイト ケア ドライフード,ロイヤルカナン ジャポン,dog_food,dog_dry_food,0.45,商品名・説明から具体的な対象種を確認できない。 / 分類・統合confidence=0.45,メーカー公式の商品説明で対象種を確認する。 / バリエーション差と統合先を人手で確認する。,rakuten_product_navi,ロイヤルカナン マキシ ライト ウェイト ケア ドライフード 3kg,https://product.rakuten.co.jp/product/-/81a6c266e62b5ed36be86dbdf32a9801/?rafcid=wsc_i_ps_73e738b0-b0b2-4c81-a75d-493b024af8f0,https://r.r10s.jp/g/gran_img/im/PEE/N4C/8NJ/6XQ/adbed1a83dc1aa9e2f6e30b76e284c31.jpg?_ex=128x128,3182550903677,3182550903677
candidate-87f8485dd8ec2028a4289e15,,,,target_species_unknown,cat,,unconfirmed,11歳以上用 毎日の健康サポート チキン ドライフード シニア,アイムス,cat_food,subcat_001,0.45,商品名・説明から具体的な対象種を確認できない。,メーカー公式の商品説明で対象種を確認する。,rakuten_product_navi,アイムス 11歳以上用 毎日の健康サポート チキン ドライフード シニア(1.5kg),https://product.rakuten.co.jp/product/-/3ec242790bc333df843993d4ee25c10b/?rafcid=wsc_i_ps_73e738b0-b0b2-4c81-a75d-493b024af8f0,https://r.r10s.jp/g/gran_img/ko/PEE/N3M/9N5/4DG/76e6d4575519bef5e716649e2506cfb6.jpg?_ex=128x128,4902397842019,4902397842019
candidate-8814367b61585c42436cd741,,,,target_species_unknown|variant_merge_uncertain,dog,,unconfirmed,ファイン・ツー 無添加セミモイストフード EZO エ-ゾ,北の極,semi_moist_food,semi_moist_food,0.45,商品名・説明から具体的な対象種を確認できない。 / 分類・統合confidence=0.45,メーカー公式の商品説明で対象種を確認する。 / バリエーション差と統合先を人手で確認する。,rakuten_product_navi,ファイン・ツー 北の極 無添加セミモイストフード EZO エ-ゾ- 1kg,https://product.rakuten.co.jp/product/-/447f30728eaa52366efff4a97d2304f4/?rafcid=wsc_i_ps_73e738b0-b0b2-4c81-a75d-493b024af8f0,https://r.r10s.jp/g/gran_img/im/PEE/NPB/KR5/ZXV/04d418e7c9a5996055fdd4a855e9959b.jpg?_ex=128x128,4900308007779,
candidate-8e9300624456329e87404f08,,,,target_species_unknown,cat,,unconfirmed,CATJOY パウチ ウェットフード まぐろ・かつお節入り,サンメイト,cat_food,subcat_002,0.45,商品名・説明から具体的な対象種を確認できない。,メーカー公式の商品説明で対象種を確認する。,rakuten_product_navi,サンメイト CATJOY パウチ ウェットフード まぐろ・かつお節入り 60g,https://product.rakuten.co.jp/product/-/e1612abaa24f6c546bd6bfac8a0d531f/?rafcid=wsc_i_ps_73e738b0-b0b2-4c81-a75d-493b024af8f0,https://r.r10s.jp/g/gran_img/im/PFM/1DH/H5D/K4W/284e2c7e1aa799fd7ca14f0319cb9041.jpg?_ex=128x128,4523294011171,
candidate-8fc614ad6479061fc4adf66f,,,,target_species_unknown|variant_merge_uncertain,cat,,unconfirmed,贅沢素材バラエティ 毛玉ケア,銀のスプーン,cat_treat,subcat_006,0.45,商品名・説明から具体的な対象種を確認できない。 / 分類・統合confidence=0.45,メーカー公式の商品説明で対象種を確認する。 / バリエーション差と統合先を人手で確認する。,rakuten_product_navi,銀のスプーン 贅沢素材バラエティ 毛玉ケア(750g),https://product.rakuten.co.jp/product/-/c7fbf1e172985168bea3878bb0aeed99/?rafcid=wsc_i_ps_73e738b0-b0b2-4c81-a75d-493b024af8f0,https://r.r10s.jp/g/gran_img/ko/PEE/N52/KKR/Q19/4b6ca8f47d6a17a4c8297797d156c1e0.jpg?_ex=128x128,4520699648728,23090719
candidate-8ff5e2e9d98b3cd546369882,,,,target_species_unknown,cat,,unconfirmed,贅沢3種の素材仕立て 毛玉ケア まぐろ・かつお・白身魚味,銀のスプーン,cat_treat,subcat_006,0.45,商品名・説明から具体的な対象種を確認できない。,メーカー公式の商品説明で対象種を確認する。,rakuten_product_navi,銀のスプーン 贅沢3種の素材仕立て 毛玉ケア まぐろ・かつお・白身魚味(700g),https://product.rakuten.co.jp/product/-/b625b6531604ed46b68ae373348d08a1/?rafcid=wsc_i_ps_73e738b0-b0b2-4c81-a75d-493b024af8f0,https://r.r10s.jp/g/gran_img/ko/PFV/AKS/E99/B47/0f9e83931d383ab93aa7529fe5d24ca9.jpg?_ex=128x128,4520699662489,
candidate-91adeea4468ab79f7292dc60,,,,variant_merge_uncertain,cat,,group_wide,お魚と野菜入りミックス,ねこ元気,cat_health,subcat_024,0.45,分類・統合confidence=0.45,バリエーション差と統合先を人手で確認する。,rakuten_product_navi,ねこ元気 お魚と野菜入りミックス(3.5kg),https://product.rakuten.co.jp/product/-/dd11986fbf555aea41d17b7838a36a8d/?rafcid=wsc_i_ps_73e738b0-b0b2-4c81-a75d-493b024af8f0,https://r.r10s.jp/g/gran_img/ko/PEE/N55/TBD/9FM/7a75d06dc805b67fb977bfeeaf0b4dac.jpg?_ex=128x128,4520699696156,4520699696156
candidate-9466414304a60bb2b739fafa,,,,target_species_unknown|variant_merge_uncertain,dog,,unconfirmed,ロイヤルカナン ブリード ヘルス ニュートリション ドライフード,ロイヤルカナン ジャポン,dog_food,dog_dry_food,0.45,商品名・説明から具体的な対象種を確認できない。 / 分類・統合confidence=0.45,メーカー公式の商品説明で対象種を確認する。 / バリエーション差と統合先を人手で確認する。,rakuten_product_navi,ロイヤルカナン ブリード ヘルス ニュートリション ドライフード 800g,https://product.rakuten.co.jp/product/-/402887a7b54c9d4f3b180809d4cf919a/?rafcid=wsc_i_ps_73e738b0-b0b2-4c81-a75d-493b024af8f0,,3182550788076,
candidate-9548b437d5c699c22e8ac88c,,,,target_species_unknown|variant_merge_uncertain,cat,,unconfirmed,ネスレ日本 モンプチ モンプチバッグ ドライフード 味わい深い真鯛パウダー入り 5種のフィッシュブレンド B2,ピュリナ,cat_food,subcat_001,0.45,商品名・説明から具体的な対象種を確認できない。 / 分類・統合confidence=0.45,メーカー公式の商品説明で対象種を確認する。 / バリエーション差と統合先を人手で確認する。,rakuten_product_navi,ネスレ日本 ピュリナ モンプチ モンプチバッグ ドライフード 味わい深い真鯛パウダー入り 5種のフィッシュブレンド 600g B2,https://product.rakuten.co.jp/product/-/4aa57eb7e1539da61e98b2c5b8559ed8/?rafcid=wsc_i_ps_73e738b0-b0b2-4c81-a75d-493b024af8f0,https://r.r10s.jp/g/gran_img/im/PFA/8I5/STO/LOB/d8447a17ef09dd9e8ce395dea868aa8e.jpg?_ex=128x128,4902201216395,12577973
candidate-96a655d3648d383e449af25e,,,,target_species_unknown|variant_merge_uncertain,cat,,unconfirmed,贅沢うまみ仕立て 毛玉ケア,銀のスプーン,cat_treat,subcat_006,0.45,商品名・説明から具体的な対象種を確認できない。 / 分類・統合confidence=0.45,メーカー公式の商品説明で対象種を確認する。 / バリエーション差と統合先を人手で確認する。,rakuten_product_navi,銀のスプーン 贅沢うまみ仕立て 毛玉ケア(900g),https://product.rakuten.co.jp/product/-/030d29d7ad0d9cc26d9d1d3e00f9c167/?rafcid=wsc_i_ps_73e738b0-b0b2-4c81-a75d-493b024af8f0,https://r.r10s.jp/g/gran_img/ko/PED/4E5/DND/WKM/35365b3b6dc373e5d11bc357e3c65f9d.jpg?_ex=128x128,4520699648384,4520699648384
candidate-976c894b9813a14b4e9a8b8c,,,,target_species_unknown,cat,,unconfirmed,バッグ ナチュラル 毛玉ケア お魚入り チキン,モンプチ,cat_treat,subcat_006,0.45,商品名・説明から具体的な対象種を確認できない。,メーカー公式の商品説明で対象種を確認する。,rakuten_product_navi,モンプチバッグ ナチュラル 毛玉ケア お魚入り チキン(500g),https://product.rakuten.co.jp/product/-/08a8f5b39929a91d8976b5bab38c806a/?rafcid=wsc_i_ps_73e738b0-b0b2-4c81-a75d-493b024af8f0,https://r.r10s.jp/g/gran_img/ko/PFU/LHL/3LA/ZH2/c58eb7f79794140f4195125fcccf86f6.jpg?_ex=128x128,4902201218832,
candidate-97e55a8091c3ce80bcb5a402,,,,target_species_unknown,dog,,unconfirmed,SoulMate ベイクド&エアドライフード チキン,ソウルメイト,dog_food,dog_dry_food,0.45,商品名・説明から具体的な対象種を確認できない。,メーカー公式の商品説明で対象種を確認する。,rakuten_product_navi,SoulMate ベイクド&エアドライフード チキン 40g,https://product.rakuten.co.jp/product/-/191b4a4b662340e7a217921a803176d0/?rafcid=wsc_i_ps_73e738b0-b0b2-4c81-a75d-493b024af8f0,,0796548780039,0796548780039
candidate-98879ca64fa8be2cc24aca8a,,,,target_species_unknown,cat,,unconfirmed,贅沢うまみ仕立て 毛玉ケア まぐろ・かつお・煮干し・白身魚・しらす味,銀のスプーン,cat_treat,subcat_006,0.45,商品名・説明から具体的な対象種を確認できない。,メーカー公式の商品説明で対象種を確認する。,rakuten_product_navi,銀のスプーン 贅沢うまみ仕立て 毛玉ケア まぐろ・かつお・煮干し・白身魚・しらす味(1.2kg),https://product.rakuten.co.jp/product/-/81d451cc88bf589ca153daacf7cd8e9c/?rafcid=wsc_i_ps_73e738b0-b0b2-4c81-a75d-493b024af8f0,https://r.r10s.jp/g/gran_img/ko/PFV/8O5/3ZO/Y77/e454cfb9ed03c480436c5aecd2adbdf8.jpg?_ex=128x128,4520699594865,
candidate-9feba873c47f797a5915449e,,,,target_species_unknown|variant_merge_uncertain,dog,,unconfirmed,SoulMate エアドライフード レッドミート,ソウルメイト,dog_food,dog_dry_food,0.45,商品名・説明から具体的な対象種を確認できない。 / 分類・統合confidence=0.45,メーカー公式の商品説明で対象種を確認する。 / バリエーション差と統合先を人手で確認する。,rakuten_product_navi,SoulMate エアドライフード レッドミート 500g,https://product.rakuten.co.jp/product/-/751cff16ff4beaf03931200213a188ad/?rafcid=wsc_i_ps_73e738b0-b0b2-4c81-a75d-493b024af8f0,,0796548780190,0796548780190
candidate-a13190c74f4812ed28b0c7c4,,,,target_species_unknown,cat,,unconfirmed,Pramy ミッドナイト ウェットフード チキン・ダック ブイヨン仕立て,Peaker株式会社,cat_food,subcat_002,0.45,商品名・説明から具体的な対象種を確認できない。,メーカー公式の商品説明で対象種を確認する。,rakuten_product_navi,Pramy ミッドナイト ウェットフード チキン・ダック ブイヨン仕立て 80g,https://product.rakuten.co.jp/product/-/d94d7a957567a70db179eadab4f0a0b7/?rafcid=wsc_i_ps_73e738b0-b0b2-4c81-a75d-493b024af8f0,,8859601044812,
candidate-a66323381fa1cc7bafb6feda,,,,target_species_unknown,dog,,unconfirmed,ロイヤルカナン SHN エクストラ スモール パピー ドライフード,ロイヤルカナン ジャポン,dog_food,dog_dry_food,0.45,商品名・説明から具体的な対象種を確認できない。,メーカー公式の商品説明で対象種を確認する。,rakuten_product_navi,ロイヤルカナン SHN エクストラ スモール パピー ドライフード 1.5kg,https://product.rakuten.co.jp/product/-/674a94c92917f9a28389fc1421863a72/?rafcid=wsc_i_ps_73e738b0-b0b2-4c81-a75d-493b024af8f0,https://r.r10s.jp/g/gran_img/ho/PEE/N51/BL1/BAS/7466d14cd96a885af1c43a2dd10318fc.jpg?_ex=128x128,3182550793612,
candidate-a8d8b833c3487374cae978f3,,,,target_species_unknown|variant_merge_uncertain,cat,,unconfirmed,フィーラインナチュラル フリーズドライフード ラム&ベニソン・フィースト,K9ナチュラルジャパン,cat_food,subcat_001,0.45,商品名・説明から具体的な対象種を確認できない。 / 分類・統合confidence=0.45,メーカー公式の商品説明で対象種を確認する。 / バリエーション差と統合先を人手で確認する。,rakuten_product_navi,フィーラインナチュラル フリーズドライフード ラム&ベニソン・フィースト 320g,https://product.rakuten.co.jp/product/-/b0077e223f2b7b4c5afd96b723fb7de5/?rafcid=wsc_i_ps_73e738b0-b0b2-4c81-a75d-493b024af8f0,,9421036372434,
candidate-ab4a0723ff389ee6fd86d81d,,,,target_species_unknown|variant_merge_uncertain,dog,,unconfirmed,フェカリストリプルケア ウェットフード ベニソン,ナチュラルハーベスト,dog_food,dog_wet_food,0.45,商品名・説明から具体的な対象種を確認できない。 / 分類・統合confidence=0.45,メーカー公式の商品説明で対象種を確認する。 / バリエーション差と統合先を人手で確認する。,rakuten_product_navi,ナチュラルハーベスト フェカリストリプルケア ウェットフード ベニソン 90g,https://product.rakuten.co.jp/product/-/4db82f0f1df4ffb6cc343f9533cc0281/?rafcid=wsc_i_ps_73e738b0-b0b2-4c81-a75d-493b024af8f0,,4521254013821,
candidate-ac28cffb4b911f3b5e1146c9,,,,target_species_unknown,cat,,unconfirmed,ボックス ドライ 毛玉ケア かつお節入り7種のブレンド,モンプチ,cat_treat,subcat_006,0.45,商品名・説明から具体的な対象種を確認できない。,メーカー公式の商品説明で対象種を確認する。,rakuten_product_navi,モンプチ ボックス ドライ 毛玉ケア かつお節入り7種のブレンド(20g×10袋入),https://product.rakuten.co.jp/product/-/f620d0c79beb6bca0cbe032cac403808/?rafcid=wsc_i_ps_73e738b0-b0b2-4c81-a75d-493b024af8f0,https://r.r10s.jp/g/gran_img/ko/PFJ/P3G/J13/FYK/26ccb0ae77b9ed883aee597d325e89cf.jpg?_ex=128x128,4902201217903,4902201209052
candidate-af3e213cde60b03411500d2a,,,,target_species_unknown,cat,,unconfirmed,銀のスプーン 国産生かつおin毛玉ケア海の幸ブレンド,ユニ・チャーム,cat_treat,subcat_006,0.45,商品名・説明から具体的な対象種を確認できない。,メーカー公式の商品説明で対象種を確認する。,rakuten_product_navi,ユニ・チャーム 銀のスプーン 国産生かつおin毛玉ケア海の幸ブレンド 1kg,https://product.rakuten.co.jp/product/-/760acfd36227b1c214a1427b1d416ad5/?rafcid=wsc_i_ps_73e738b0-b0b2-4c81-a75d-493b024af8f0,,4520699676776,4520699676776
candidate-af8454508afd473dbb875a71,,,,target_species_unknown|variant_merge_uncertain,cat,,unconfirmed,ウエットフード マルチパック,アルモネイチャー,cat_food,subcat_002,0.45,商品名・説明から具体的な対象種を確認できない。 / 分類・統合confidence=0.45,メーカー公式の商品説明で対象種を確認する。 / バリエーション差と統合先を人手で確認する。,rakuten_product_navi,アルモネイチャー ウエットフード マルチパック(55g×6個入)(55g*6コ入),https://product.rakuten.co.jp/product/-/59a678aee6900d83049689b914190eea/?rafcid=wsc_i_ps_73e738b0-b0b2-4c81-a75d-493b024af8f0,https://r.r10s.jp/g/gran_img/ko/PEE/OGS/TLS/1MP/faa6c3e8912272a4086f82fd5e42e96f.jpg?_ex=128x128,8001154125252,alm5950
candidate-b0337a297dcad39836c2b8ba,,,,target_species_unknown,cat,,unconfirmed,ドライボックス 毛玉ケア 厳選かつおだし入り,モンプチ,cat_treat,subcat_006,0.45,商品名・説明から具体的な対象種を確認できない。,メーカー公式の商品説明で対象種を確認する。,rakuten_product_navi,モンプチドライボックス 毛玉ケア 厳選かつおだし入り(190g),https://product.rakuten.co.jp/product/-/d5e55ae3a1ff01f5862f5c9cadd1d5d7/?rafcid=wsc_i_ps_73e738b0-b0b2-4c81-a75d-493b024af8f0,https://r.r10s.jp/g/gran_img/ko/PFU/LXG/G04/XA8/1b3f608984fe79504437a40be7053fc0.jpg?_ex=128x128,4902201218917,
candidate-b086d785729bf8e1c9b74893,,,,target_species_unknown|variant_merge_uncertain,dog,,unconfirmed,キドニア 食事療法食,ナチュラルハーベスト,therapeutic_food,therapeutic_food,0.45,商品名・説明から具体的な対象種を確認できない。 / 分類・統合confidence=0.45,メーカー公式の商品説明で対象種を確認する。 / バリエーション差と統合先を人手で確認する。,rakuten_product_navi,キドニア 食事療法食(1.1kg),https://product.rakuten.co.jp/product/-/f84069e7cb27b8141ef383733e340c3f/?rafcid=wsc_i_ps_73e738b0-b0b2-4c81-a75d-493b024af8f0,https://r.r10s.jp/g/gran_img/ko/PF9/B68/H1H/JAI/19aa6581d660cded4d9ee9b9a93355da.jpg?_ex=128x128,4521254012374,10901
candidate-ba76da02e91f06bfe88f77ee,,,,target_species_unknown|variant_merge_uncertain,dog,,unconfirmed,フラックス 食事療法食,ナチュラルハーベスト,therapeutic_food,therapeutic_food,0.45,商品名・説明から具体的な対象種を確認できない。 / 分類・統合confidence=0.45,メーカー公式の商品説明で対象種を確認する。 / バリエーション差と統合先を人手で確認する。,rakuten_product_navi,フラックス 食事療法食(1.1kg),https://product.rakuten.co.jp/product/-/4ce035f844912ebb984e4f24cdae28e0/?rafcid=wsc_i_ps_73e738b0-b0b2-4c81-a75d-493b024af8f0,https://r.r10s.jp/g/gran_img/ko/PF9/BP0/XF7/9WG/11d58c3a10dc512c95c76582787e7351.jpg?_ex=128x128,4521254012367,
candidate-bb1c57c8749740b9be27ee25,,,,target_species_unknown,cat,,unconfirmed,ウエットフード デイリーメニューまぐろとタラ入りお肉のムース,アルモネイチャー,cat_food,subcat_002,0.45,商品名・説明から具体的な対象種を確認できない。,メーカー公式の商品説明で対象種を確認する。,rakuten_product_navi,アルモネイチャー ウエットフード デイリーメニューまぐろとタラ入りお肉のムース(85g),https://product.rakuten.co.jp/product/-/53e666745ffc2a0b41f8036a3b565e61/?rafcid=wsc_i_ps_73e738b0-b0b2-4c81-a75d-493b024af8f0,https://r.r10s.jp/g/gran_img/ko/PEE/N7W/8UM/4W4/ed6648462ef478e4509632702a72edc9.jpg?_ex=128x128,8001154125566,alm147
candidate-c03287e1b3ce37ed2c4dabed,,,,target_species_unknown,dog,,unconfirmed,レジーム チキン 食事療法食,ナチュラルハーベスト,therapeutic_food,therapeutic_food,0.45,商品名・説明から具体的な対象種を確認できない。,メーカー公式の商品説明で対象種を確認する。,rakuten_product_navi,レジーム チキン 食事療法食(1.1kg×6袋),https://product.rakuten.co.jp/product/-/5a9a992a9aac19bca5f7709a27e097a3/?rafcid=wsc_i_ps_73e738b0-b0b2-4c81-a75d-493b024af8f0,https://r.r10s.jp/g/gran_img/ko/PFC/7KG/BQN/C00/c9ddd185f0f9f248da4926173401f970.jpg?_ex=128x128,4521254013012,10612
candidate-c1db0e3861f8e3846734ba02,,,,target_species_unknown|variant_merge_uncertain,dog,,unconfirmed,ナチュラハ ウェットフード 若鶏&フォアグラ 緑黄色野菜入り・とろみ仕立て,マルカン,dog_food,dog_wet_food,0.45,商品名・説明から具体的な対象種を確認できない。 / 分類・統合confidence=0.45,メーカー公式の商品説明で対象種を確認する。 / バリエーション差と統合先を人手で確認する。,rakuten_product_navi,マルカン ナチュラハ ウェットフード 若鶏&フォアグラ 緑黄色野菜入り・とろみ仕立て 4個,https://product.rakuten.co.jp/product/-/314d4aa8e07658035263abc201574965/?rafcid=wsc_i_ps_73e738b0-b0b2-4c81-a75d-493b024af8f0,https://r.r10s.jp/g/gran_img/im/PEG/FIR/SMA/LC0/f00946eb601b78f8f6692da055b4c911.jpg?_ex=128x128,4973321941429,4973321941429
candidate-c3dc952efa060ca832a23ae9,,,,target_species_unknown|variant_merge_uncertain,cat,,unconfirmed,ウエットフード デイリーメニューターキームース,アルモネイチャー,cat_food,subcat_002,0.45,商品名・説明から具体的な対象種を確認できない。 / 分類・統合confidence=0.45,メーカー公式の商品説明で対象種を確認する。 / バリエーション差と統合先を人手で確認する。,rakuten_product_navi,アルモネイチャー ウエットフード デイリーメニューターキームース(85g),https://product.rakuten.co.jp/product/-/2bf98cf24e2d5576c57eddac10c8a789/?rafcid=wsc_i_ps_73e738b0-b0b2-4c81-a75d-493b024af8f0,https://r.r10s.jp/g/gran_img/ko/PEE/NSH/SS3/CZ4/5a8e5dc81d11a9396e4fb8843ec4ab1a.jpg?_ex=128x128,8001154125030,alm154
candidate-c92dd4d3e31b51a9bc1ac874,,,,target_species_unknown|variant_merge_uncertain,dog,,unconfirmed,アドバンス アレルゲンカット 魚&お米 11歳から,メディコート,dog_food,dog_dry_food,0.45,商品名・説明から具体的な対象種を確認できない。 / 分類・統合confidence=0.45,メーカー公式の商品説明で対象種を確認する。 / バリエーション差と統合先を人手で確認する。,yahoo_shopping,メディコートアドバンス アレルゲンカット 魚＆お米 11歳から 6kg,https://store.shopping.yahoo.co.jp/bestone1/yk5053-a2501.html,https://item-shopping.c.yimg.jp/i/j/bestone1_yk5053-a2501,4902418002323,
candidate-ca05b76dd4590b71164be848,,,,target_species_unknown,cat,,unconfirmed,ウエットフード デイリーメニューまぐろとサーモン入り肉魚のご馳走,アルモネイチャー,cat_food,subcat_002,0.45,商品名・説明から具体的な対象種を確認できない。,メーカー公式の商品説明で対象種を確認する。,rakuten_product_navi,アルモネイチャー ウエットフード デイリーメニューまぐろとサーモン入り肉魚のご馳走(70g),https://product.rakuten.co.jp/product/-/2644e96109e6b2f005e1743d89cb48a9/?rafcid=wsc_i_ps_73e738b0-b0b2-4c81-a75d-493b024af8f0,https://r.r10s.jp/g/gran_img/im/PEE/N86/888/DW3/dbef80c5f2934da69f0657ebc8b1d1c5.jpg?_ex=128x128,8001154121995,
candidate-ca115c03d15fa6194636a2e2,,,,target_species_unknown|variant_merge_uncertain,dog,,unconfirmed,ドライフード用 乾燥剤,豊田化工,dog_food,dog_dry_food,0.45,商品名・説明から具体的な対象種を確認できない。 / 分類・統合confidence=0.45,メーカー公式の商品説明で対象種を確認する。 / バリエーション差と統合先を人手で確認する。,rakuten_product_navi,ドライフード用 乾燥剤(30g),https://product.rakuten.co.jp/product/-/d1a981216a2f42a87f2b330fa9ab0cd8/?rafcid=wsc_i_ps_73e738b0-b0b2-4c81-a75d-493b024af8f0,https://r.r10s.jp/g/gran_img/ho/PEE/N4K/LBT/BVE/9621048e84ecd809790ffc31c20d3663.jpg?_ex=128x128,4935904260266,4935904260266
candidate-caa410d09b7b1ba695b90c11,,,,target_species_unknown|variant_merge_uncertain,dog,,unconfirmed,麻布獣医大学 KOMORO PREMIUM 鹿肉 ウエットフード,小諸プレミアム,dog_food,dog_wet_food,0.45,商品名・説明から具体的な対象種を確認できない。 / 分類・統合confidence=0.45,メーカー公式の商品説明で対象種を確認する。 / バリエーション差と統合先を人手で確認する。,rakuten_product_navi,麻布獣医大学 KOMORO PREMIUM 鹿肉 ウエットフード,https://product.rakuten.co.jp/product/-/4359b8d1d5b047dc789e7a985856bb21/?rafcid=wsc_i_ps_73e738b0-b0b2-4c81-a75d-493b024af8f0,,4580062290183,
candidate-cb1f603b567081df40b31ca1,,,,target_species_unknown|variant_merge_uncertain,dog,,unconfirmed,キドニア 食事療法食,ナチュラルハーベスト,therapeutic_food,therapeutic_food,0.45,商品名・説明から具体的な対象種を確認できない。 / 分類・統合confidence=0.45,メーカー公式の商品説明で対象種を確認する。 / バリエーション差と統合先を人手で確認する。,rakuten_product_navi,キドニア 食事療法食(6kg),https://product.rakuten.co.jp/product/-/fb4319a3e495dc24565d3f027b7ae000/?rafcid=wsc_i_ps_73e738b0-b0b2-4c81-a75d-493b024af8f0,https://r.r10s.jp/g/gran_img/ko/PFC/5L9/FGZ/5N7/fbda9b8c19929e1816e6a128fc41de18.jpg?_ex=128x128,4521254013142,10903
candidate-d31c29d9b3c4d4ef89a8b194,,,,target_species_unknown|variant_merge_uncertain,cat,,unconfirmed,ウエットフード デイリーメニュー海魚入りお肉のムース,アルモネイチャー,cat_food,subcat_002,0.45,商品名・説明から具体的な対象種を確認できない。 / 分類・統合confidence=0.45,メーカー公式の商品説明で対象種を確認する。 / バリエーション差と統合先を人手で確認する。,rakuten_product_navi,アルモネイチャー ウエットフード デイリーメニュー海魚入りお肉のムース(85g),https://product.rakuten.co.jp/product/-/96fdc746a6e14e9e92f5732327fa71d4/?rafcid=wsc_i_ps_73e738b0-b0b2-4c81-a75d-493b024af8f0,https://r.r10s.jp/g/gran_img/ko/PEE/N8C/O9O/6JA/c1846f10a2fa0f54019594a97e968032.jpg?_ex=128x128,8001154125016,alm152
candidate-d4b585908a1fe8bad8ad4d41,,,,target_species_unknown|variant_merge_uncertain,cat,,unconfirmed,贅沢うまみ仕立て 毛玉ケア,銀のスプーン,cat_treat,subcat_006,0.45,商品名・説明から具体的な対象種を確認できない。 / 分類・統合confidence=0.45,メーカー公式の商品説明で対象種を確認する。 / バリエーション差と統合先を人手で確認する。,rakuten_product_navi,銀のスプーン 贅沢うまみ仕立て 毛玉ケア(1.4kg),https://product.rakuten.co.jp/product/-/e0d9dfec2c9619c7d5e525bf9fa4f001/?rafcid=wsc_i_ps_73e738b0-b0b2-4c81-a75d-493b024af8f0,https://r.r10s.jp/g/gran_img/ko/PEE/N4L/OJ1/WYZ/f1753ac88e894a45f17ac41117f0dab3.jpg?_ex=128x128,4520699648476,4520699648476
candidate-d9513b1ddbc03ce1c8dbd26f,,,,target_species_unknown,cat,,unconfirmed,ウエットフード デイリーメニューチキンとビーフ入り肉魚のご馳走,アルモネイチャー,cat_food,subcat_002,0.45,商品名・説明から具体的な対象種を確認できない。,メーカー公式の商品説明で対象種を確認する。,rakuten_product_navi,アルモネイチャー ウエットフード デイリーメニューチキンとビーフ入り肉魚のご馳走(70g),https://product.rakuten.co.jp/product/-/c746f88fb5f621c43850b1d549edc021/?rafcid=wsc_i_ps_73e738b0-b0b2-4c81-a75d-493b024af8f0,https://r.r10s.jp/g/gran_img/im/PEE/N86/RHE/8RK/78e2a0880543ff1e867d97a5f592b543.jpg?_ex=128x128,8001154121964,5271
candidate-da849458bbf86bd6761a4a68,,,,target_species_unknown|variant_merge_uncertain,dog,,unconfirmed,トライペット ウェットフード レッドミートフォーミュラ,ペットカインド,dog_food,dog_wet_food,0.45,商品名・説明から具体的な対象種を確認できない。 / 分類・統合confidence=0.45,メーカー公式の商品説明で対象種を確認する。 / バリエーション差と統合先を人手で確認する。,rakuten_product_navi,ペットカインド トライペット ウェットフード レッドミートフォーミュラ 170g,https://product.rakuten.co.jp/product/-/a32dbd9f2d2a0a9f7d8d58a1522ca04b/?rafcid=wsc_i_ps_73e738b0-b0b2-4c81-a75d-493b024af8f0,,0832701000269,
candidate-dbf8f69342df37e90ed64d50,,,,target_species_unknown|variant_merge_uncertain,dog,,unconfirmed,アドバンス 尿石ケア pHサポート 1歳から ペットライン,メディコート,dog_food,dog_dry_food,0.45,商品名・説明から具体的な対象種を確認できない。 / 分類・統合confidence=0.45,メーカー公式の商品説明で対象種を確認する。 / バリエーション差と統合先を人手で確認する。,yahoo_shopping,メディコート アドバンス 尿石ケア pHサポート 1歳から 6kg(500g×12) ペットライン 返品種別B,https://store.shopping.yahoo.co.jp/joshin/4902418002422-73-30002800.html,https://item-shopping.c.yimg.jp/i/j/joshin_4902418002422-73-30002800,4902418002422,
candidate-e1ff48810f1ff30ea75871bc,,,,target_species_unknown,dog,,unconfirmed,フェカリストリプルケア ウェットフード チキン,ナチュラルハーベスト,dog_food,dog_wet_food,0.45,商品名・説明から具体的な対象種を確認できない。,メーカー公式の商品説明で対象種を確認する。,rakuten_product_navi,ナチュラルハーベスト フェカリストリプルケア ウェットフード チキン 90g,https://product.rakuten.co.jp/product/-/201a3cc21f8926112da4d4f998ef7d5f/?rafcid=wsc_i_ps_73e738b0-b0b2-4c81-a75d-493b024af8f0,,4521254013807,
candidate-ee358051a740bea148c59c70,,,,target_species_unknown,cat,,unconfirmed,贅沢3種の素材仕立て 毛玉ケア まぐろ・かつお・白身魚味,銀のスプーン,cat_treat,subcat_006,0.45,商品名・説明から具体的な対象種を確認できない。,メーカー公式の商品説明で対象種を確認する。,rakuten_product_navi,銀のスプーン 贅沢3種の素材仕立て 毛玉ケア まぐろ・かつお・白身魚味(1.0kg),https://product.rakuten.co.jp/product/-/211b6a9dd8cb0933916be845418616b2/?rafcid=wsc_i_ps_73e738b0-b0b2-4c81-a75d-493b024af8f0,https://r.r10s.jp/g/gran_img/ko/PFV/84N/WP1/W1O/f9f1b08045ea37f5c2ef7d96882808f1.jpg?_ex=128x128,4520699338513,
candidate-f96f64c3dd832e50f544f9fc,,,,target_species_unknown|variant_merge_uncertain,dog,,unconfirmed,シーザー 14歳からの ごろっと蒸しささみ 彩り野菜入り ウェットフード,シーザー(ドッグフード)(Cesar),dog_food,dog_wet_food,0.45,商品名・説明から具体的な対象種を確認できない。 / 分類・統合confidence=0.45,メーカー公式の商品説明で対象種を確認する。 / バリエーション差と統合先を人手で確認する。,rakuten_product_navi,シーザー 14歳からの ごろっと蒸しささみ 彩り野菜入り ウェットフード(70g*16袋入),https://product.rakuten.co.jp/product/-/608962549d74e9b3bfb32992284dd200/?rafcid=wsc_i_ps_73e738b0-b0b2-4c81-a75d-493b024af8f0,https://r.r10s.jp/g/gran_img/ko/PEI/636/GYM/4FG/aaa62836a85fe7a0df66e55a6ebddf6f.jpg?_ex=128x128,4902397839293,CEP12
candidate-fac7703397f57b15cbf21d42,,,,target_species_unknown|variant_merge_uncertain,cat,,unconfirmed,海の贅沢素材毛玉ケア 4連パック,銀のスプーン,cat_treat,subcat_006,0.45,商品名・説明から具体的な対象種を確認できない。 / 分類・統合confidence=0.45,メーカー公式の商品説明で対象種を確認する。 / バリエーション差と統合先を人手で確認する。,rakuten_product_navi,銀のスプーン 海の贅沢素材毛玉ケア ４連パック(40g*4コ入),https://product.rakuten.co.jp/product/-/9a3f1ba134a9ca5dee9840ff0c3b84ba/?rafcid=wsc_i_ps_73e738b0-b0b2-4c81-a75d-493b024af8f0,https://r.r10s.jp/g/gran_img/ko/PED/43D/IYS/U2N/637ea33ff4e430531a6c0a89f6e1cfd1.jpg?_ex=128x128,4520699682708,4520699682708
candidate-01afaef9cb9b17cc2c40955e,,,,target_species_unknown,dog,,unconfirmed,ウェルケア ジャック・ラッセル・テリア専用 アダルト〜シニア,イースター,dog_food,dog_dry_food,0.5,商品名・説明から具体的な対象種を確認できない。,メーカー公式の商品説明で対象種を確認する。,yahoo_shopping,ウェルケア ジャック・ラッセル・テリア専用 アダルト〜シニア 2.7kg イースター 返品種別B,https://store.shopping.yahoo.co.jp/joshin/4970768116595-73-30002800.html,https://item-shopping.c.yimg.jp/i/j/joshin_4970768116595-73-30002800,4970768116595,
candidate-078166ef1086a85308f18a09,,,,variant_merge_uncertain,aquarium,,group_wide,エイトコア ミニ,水作,gravel,gravel,0.5,分類・統合confidence=0.50,バリエーション差と統合先を人手で確認する。,yahoo_shopping,水作 エイトコア ミニ,https://store.shopping.yahoo.co.jp/animaux-mignons/159758.html,https://item-shopping.c.yimg.jp/i/j/animaux-mignons_159758,4974105100001,
candidate-1afab5ffff5c589c2d6968be,,,,variant_merge_uncertain,aquarium,,group_wide,ジェックス デュアルクリーン600 DC-600,GEX,filter_media,filter_media,0.5,分類・統合confidence=0.50,バリエーション差と統合先を人手で確認する。,yahoo_shopping,ジェックス GEX デュアルクリーン600 DC-600,https://store.shopping.yahoo.co.jp/hcvalor/vh-4972547036551.html,https://item-shopping.c.yimg.jp/i/j/hcvalor_vh-4972547036551,4972547036551,
candidate-28637ced2f980b97d0f7d1f1,,,,variant_merge_uncertain,bird,,group_wide,自然派宣言フランス産 麻の実 鳥のおやつ・シード,黒瀬ペットフード,mineral,mineral,0.5,分類・統合confidence=0.50,バリエーション差と統合先を人手で確認する。,yahoo_shopping,自然派宣言フランス産 麻の実 40g 黒瀬ペットフード 鳥のおやつ・シード,https://store.shopping.yahoo.co.jp/torippie/484-111-198.html,https://item-shopping.c.yimg.jp/i/j/torippie_484-111-198,4972228256933,
candidate-364c03fa883fa73e1be50cac,,,,small_animal_scope_unclear|target_species_unknown|variant_merge_uncertain,small_animal,,unconfirmed,年中快適! ふかふかソフトマット,マルカン,bedding,bedding,0.5,「小動物」以外の具体的な対象種が確認できない。 / 商品名・説明から具体的な対象種を確認できない。 / 分類・統合confidence=0.50,group_wideにせず、具体的な対象種が確認できるまで保留する。 / メーカー公式の商品説明で対象種を確認する。 / バリエーション差と統合先を人手で確認する。,rakuten_ichiba,マルカン 年中快適！ ふかふかソフトマット 10L,https://hb.afl.rakuten.co.jp/hgc/g00qlnsn.pd2g8b6d.g00qlnsn.pd2g974c/?pc=https%3A%2F%2Fitem.rakuten.co.jp%2Fpetsmum%2F40000122%2F&m=http%3A%2F%2Fm.rakuten.co.jp%2Fpetsmum%2Fi%2F10006477%2F&rafcid=wsc_i_is_73e738b0-b0b2-4c81-a75d-493b024af8f0,https://thumbnail.image.rakuten.co.jp/@0_mall/petsmum/cabinet/2/58873197.jpg?_ex=128x128,,
candidate-40b619baa330ce1d74d5d494,,,,variant_merge_uncertain,bird,,group_wide,シード食専用サプリメント 食べるビタミン,黒瀬ペットフード,bird_food,bird_pellet,0.5,分類・統合confidence=0.50,バリエーション差と統合先を人手で確認する。,yahoo_shopping,シード食専用サプリメント 食べるビタミン 80g [黒瀬ペットフード],https://store.shopping.yahoo.co.jp/petking/4972228223058.html,https://item-shopping.c.yimg.jp/i/j/petking_4972228223058,4972228223058,
candidate-4d67ea49f51e931eb0a7d2d2,,,,variant_merge_uncertain,aquarium,,group_wide,ジェックス コーナーパワーフィルター用活性炭カートリッジ ろ過 濾過,GEX,activated_carbon,activated_carbon,0.5,分類・統合confidence=0.50,バリエーション差と統合先を人手で確認する。,yahoo_shopping,GEX ジェックス コーナーパワーフィルター用活性炭カートリッジ4コ入 × 3箱 ろ過 濾過,https://store.shopping.yahoo.co.jp/tsutsu-uraura/gex-coner4-3s.html,https://item-shopping.c.yimg.jp/i/j/tsutsu-uraura_gex-coner4-3s,4972547039736,
candidate-6b8717c26e1fd1cc15502cba,,,,small_animal_scope_unclear|target_species_unknown|variant_merge_uncertain,small_animal,,unconfirmed,P- スドー フルーツ王国プレミアム 採れたて苺,ピッコリーノ,small_mammal_food,hamster_food,0.5,「小動物」以外の具体的な対象種が確認できない。 / 商品名・説明から具体的な対象種を確認できない。 / 分類・統合confidence=0.50,group_wideにせず、具体的な対象種が確認できるまで保留する。 / メーカー公式の商品説明で対象種を確認する。 / バリエーション差と統合先を人手で確認する。,yahoo_shopping,P-4974212909092 スドー フルーツ王国プレミアム 採れたて苺46g,https://store.shopping.yahoo.co.jp/kaden-sakura/p-4974212909092.html,https://item-shopping.c.yimg.jp/i/j/kaden-sakura_p-4974212909092,4974212909092,
candidate-7453d538387d516ead68db03,,,,target_species_unknown,dog,,unconfirmed,ドギーマン からだ想いの毎日ごはん 体重管理用,無添加良品,semi_moist_food,semi_moist_food,0.5,商品名・説明から具体的な対象種を確認できない。,メーカー公式の商品説明で対象種を確認する。,yahoo_shopping,ドギーマン 無添加良品 からだ想いの毎日ごはん 体重管理用 200g ×24個 (s6020022),https://store.shopping.yahoo.co.jp/familypet/s6020022.html,https://item-shopping.c.yimg.jp/i/j/familypet_s6020022,4976555826814,
candidate-884db8bdf28b126f2cc4daa0,,,,variant_merge_uncertain,aquarium,,group_wide,ブラックホール 高性能活性炭 淡水 海水 流木アク抜き アク吸着 黄ばみ吸着,キョーリン,fish_medicine,fish_medicine,0.5,分類・統合confidence=0.50,バリエーション差と統合先を人手で確認する。,yahoo_shopping,ブラックホール お徳用 5個パック 3箱セット 高性能活性炭 キョーリン 淡水 海水 流木アク抜き アク吸着 黄ばみ吸着,https://store.shopping.yahoo.co.jp/aquacraft/k6-07-01200-3.html,https://item-shopping.c.yimg.jp/i/j/aquacraft_k6-07-01200-3,4971618932723,
candidate-9ba1f0ef991ee7686dca5025,,,,target_species_unknown,dog,,unconfirmed,ウェルケア キャバリア専用 アダルト〜シニア,イースター,dog_food,dog_dry_food,0.5,商品名・説明から具体的な対象種を確認できない。,メーカー公式の商品説明で対象種を確認する。,yahoo_shopping,ウェルケア キャバリア専用 アダルト〜シニア 2.7kg(900g×3袋) イースター 返品種別B,https://store.shopping.yahoo.co.jp/joshin/4970768116601-73-30002801.html,https://item-shopping.c.yimg.jp/i/j/joshin_4970768116601-73-30002801,4970768116601,
candidate-cc4b32db1c61b5b30be47d9b,,,,target_species_unknown,dog,,unconfirmed,ウェルケア レトリーバー専用 アダルト,イースター,dog_food,dog_dry_food,0.5,商品名・説明から具体的な対象種を確認できない。,メーカー公式の商品説明で対象種を確認する。,yahoo_shopping,ウェルケア レトリーバー専用 アダルト 6kg イースター 返品種別B,https://store.shopping.yahoo.co.jp/joshin/4970768116489-73-30002800.html,https://item-shopping.c.yimg.jp/i/j/joshin_4970768116489-73-30002800,4970768116489,
candidate-e2f3bc25b03d7d39096e2b46,,,,variant_merge_uncertain,aquarium,,group_wide,水槽 砂 砂利 ベストサンド ジェックス,GEX,gravel,gravel,0.5,分類・統合confidence=0.50,バリエーション差と統合先を人手で確認する。,yahoo_shopping,水槽 砂 砂利 ベストサンド 6L ジェックス,https://store.shopping.yahoo.co.jp/ikurun0810/149067.html,https://item-shopping.c.yimg.jp/i/j/ikurun0810_149067,4972547023483,
candidate-e82d02d33ea21becc6111f8d,,,,target_species_unknown,dog,,unconfirmed,レトリーバー専用 シニア イースター,ウェルケア,dog_food,dog_dry_food,0.5,商品名・説明から具体的な対象種を確認できない。,メーカー公式の商品説明で対象種を確認する。,yahoo_shopping,ウェルケア レトリーバー専用 シニア 6kg イースター 返品種別B,https://store.shopping.yahoo.co.jp/joshin/4970768116496-73-30002801.html,https://item-shopping.c.yimg.jp/i/j/joshin_4970768116496-73-30002801,4970768116496,
candidate-ec9fb911600acc2cd337dd30,,,,target_species_unknown,dog,,unconfirmed,ウェルケア トイ・プードル専用 アダルト〜シニア,イースター,dog_food,dog_dry_food,0.5,商品名・説明から具体的な対象種を確認できない。,メーカー公式の商品説明で対象種を確認する。,yahoo_shopping,ウェルケア トイ・プードル専用 アダルト〜シニア 1.35kg(450g×3袋) イースター 返品種別B,https://store.shopping.yahoo.co.jp/joshin/4970768116649-73-30002801.html,https://item-shopping.c.yimg.jp/i/j/joshin_4970768116649-73-30002801,4970768116649,
candidate-0262f7ecf1cfb55a611152eb,,,,small_animal_scope_unclear|target_species_unknown|variant_merge_uncertain,small_animal,,unconfirmed,ちんちらのきわみ 小動物 フード,ハイペット,small_mammal_food,small_mammal_food,0.55,「小動物」以外の具体的な対象種が確認できない。 / 商品名・説明から具体的な対象種を確認できない。 / 分類・統合confidence=0.55,group_wideにせず、具体的な対象種が確認できるまで保留する。 / メーカー公式の商品説明で対象種を確認する。 / バリエーション差と統合先を人手で確認する。,yahoo_shopping,3個セット ハイペット ちんちらのきわみ 300ｇ小動物 フード,https://store.shopping.yahoo.co.jp/bestone1/yk26924-a2510.html,https://item-shopping.c.yimg.jp/i/j/bestone1_yk26924-a2510,4977007036911,
candidate-04693e6fa0bf0a3e3c6ae9fb,,,,variant_merge_uncertain,bird,,group_wide,小鳥用健康焼き砂,ハッピーホリデイ,sand,sand,0.55,分類・統合confidence=0.55,バリエーション差と統合先を人手で確認する。,rakuten_product_navi,ハッピーホリデイ 小鳥用健康焼き砂(2kg),https://product.rakuten.co.jp/product/-/bc154a960a2c55e60ca4e4ed8765374b/?rafcid=wsc_i_ps_73e738b0-b0b2-4c81-a75d-493b024af8f0,https://r.r10s.jp/g/gran_img/ho/PEE/NJU/JJY/RUE/6c0e12ee472657561320f831639d3ac4.jpg?_ex=128x128,4904769001154,4904769001154
candidate-0a08aef79c42032e96e3bc14,,,,variant_merge_uncertain,aquarium,,group_wide,カメのおやつミックスフード かめ用フード フード 観賞魚 ペット アクアリウム,イトスイ,shrimp_food,shrimp_food,0.55,分類・統合confidence=0.55,バリエーション差と統合先を人手で確認する。,yahoo_shopping,【お取り寄せ】イトスイ カメのおやつミックスフード25g かめ用フード フード 観賞魚 ペット アクアリウム,https://store.shopping.yahoo.co.jp/cocodecow/y227jt.html,https://item-shopping.c.yimg.jp/i/j/cocodecow_y227jt,4971453057667,
candidate-0b358ed893cb837cf8295c1d,,,,variant_merge_uncertain,bird,,group_wide,自然派宣言 小鳥の補助食 麻の実,自然派宣言(ペット),bird_food,bird_seed_food,0.55,分類・統合confidence=0.55,バリエーション差と統合先を人手で確認する。,rakuten_product_navi,自然派宣言 小鳥の補助食 麻の実(230g),https://product.rakuten.co.jp/product/-/51f9996fade0c104d667b994d6c40983/?rafcid=wsc_i_ps_73e738b0-b0b2-4c81-a75d-493b024af8f0,https://r.r10s.jp/g/gran_img/ko/PEE/NRY/Y02/LG5/209c9dd0240bee3bac0484d89d24c7c3.jpg?_ex=128x128,4972228253505,
candidate-0b42acff5119ed27b5702cce,,,,variant_merge_uncertain,aquarium,,group_wide,大エビカメのおやつ かめ用フード フード 観賞魚 ペット アクアリウム,イトスイ,shrimp_food,shrimp_food,0.55,分類・統合confidence=0.55,バリエーション差と統合先を人手で確認する。,yahoo_shopping,【お取り寄せ】イトスイ 大エビカメのおやつ 55g かめ用フード フード 観賞魚 ペット アクアリウム,https://store.shopping.yahoo.co.jp/cocodecow/y98112.html,https://item-shopping.c.yimg.jp/i/j/cocodecow_y98112,4971453054741,
candidate-149aac08e129584718db04c1,,,,variant_merge_uncertain,aquarium,,group_wide,コメット 留守番フード 小型水槽用,コメット(ペット用品),fish_supplies,tropical_fish_food,0.55,分類・統合confidence=0.55,バリエーション差と統合先を人手で確認する。,rakuten_product_navi,コメット 留守番フード 小型水槽用(8コ入),https://product.rakuten.co.jp/product/-/319067b811d86b99dd3dacccbaa4ecd8/?rafcid=wsc_i_ps_73e738b0-b0b2-4c81-a75d-493b024af8f0,https://r.r10s.jp/g/gran_img/im/PEE/NR0/NZS/SXO/88693ba7e968ce32a889ae443bc70a4a.jpg?_ex=128x128,4971453053010,4971453053010
candidate-165920645565d4809834d871,,,,variant_merge_uncertain,bird,,group_wide,自然派宣言 小鳥の補助食 ホワイトボレー,自然派宣言(ペット),bird_food,bird_seed_food,0.55,分類・統合confidence=0.55,バリエーション差と統合先を人手で確認する。,rakuten_product_navi,自然派宣言 小鳥の補助食 ホワイトボレー(300g),https://product.rakuten.co.jp/product/-/f12a9f83da9fd236263c7a12eddb8d52/?rafcid=wsc_i_ps_73e738b0-b0b2-4c81-a75d-493b024af8f0,https://r.r10s.jp/g/gran_img/ko/PEE/NLD/U20/NC9/04702e8e49024d95c335c97a6fb1d53c.jpg?_ex=128x128,4972228253109,
candidate-23395460c69a72fcf66cce46,,,,variant_merge_uncertain,bird,,group_wide,ペットフード BIRDMORE 小鳥用 食べる土,黒瀬,bird_food,bird_seed_food,0.55,分類・統合confidence=0.55,バリエーション差と統合先を人手で確認する。,rakuten_product_navi,黒瀬ペットフード BIRDMORE 小鳥用 食べる土,https://product.rakuten.co.jp/product/-/e1df9e2b58c7beb75c47e07cfecefae9/?rafcid=wsc_i_ps_73e738b0-b0b2-4c81-a75d-493b024af8f0,https://r.r10s.jp/g/gran_img/im/PEP/TNH/975/C49/2918cc5dd72c7925b381b38a6b9e3722.jpg?_ex=128x128,4972228224482,272496
candidate-27f33c218df19ca9e06513a9,,,,variant_merge_uncertain,insect,,group_wide,M‐703 バイオ育成カブト虫マット 昆虫 昆虫用飼育マット 用品,マルカン,adult_mat,adult_mat,0.55,分類・統合confidence=0.55,バリエーション差と統合先を人手で確認する。,rakuten_ichiba,（株）マルカン M‐703 バイオ育成カブト虫マット10L 昆虫 昆虫用飼育マット 用品｛SK},https://hb.afl.rakuten.co.jp/hgc/g00t2h1n.pd2g8f6f.g00t2h1n.pd2g9e9b/?pc=https%3A%2F%2Fitem.rakuten.co.jp%2Fhakozume%2F10035012%2F&m=http%3A%2F%2Fm.rakuten.co.jp%2Fhakozume%2Fi%2F10035012%2F&rafcid=wsc_i_is_73e738b0-b0b2-4c81-a75d-493b024af8f0,https://thumbnail.image.rakuten.co.jp/@0_mall/hakozume/cabinet/j3/4906456550013.jpg?_ex=128x128,,
candidate-2a04780561a11d0430b5fadc,,,,variant_merge_uncertain,bird,,group_wide,自然派宣言 小鳥の補助食 ムキエン麦,自然派宣言(ペット),bird_food,bird_seed_food,0.55,分類・統合confidence=0.55,バリエーション差と統合先を人手で確認する。,rakuten_product_navi,自然派宣言 小鳥の補助食 ムキエン麦(300g),https://product.rakuten.co.jp/product/-/38ba700200792eccc18ad0024b357186/?rafcid=wsc_i_ps_73e738b0-b0b2-4c81-a75d-493b024af8f0,https://r.r10s.jp/g/gran_img/ko/PEE/N6W/19X/AFE/081317c9fda3756e38bdc2ab722a573d.jpg?_ex=128x128,4972228253307,
candidate-3916abb0427b43c82f405097,,,,small_animal_scope_unclear|target_species_unknown|variant_merge_uncertain,small_animal,,unconfirmed,ちんちらのきわみ 小動物 フード,ハイペット,small_mammal_food,small_mammal_food,0.55,「小動物」以外の具体的な対象種が確認できない。 / 商品名・説明から具体的な対象種を確認できない。 / 分類・統合confidence=0.55,group_wideにせず、具体的な対象種が確認できるまで保留する。 / メーカー公式の商品説明で対象種を確認する。 / バリエーション差と統合先を人手で確認する。,yahoo_shopping,2個セット ハイペット ちんちらのきわみ 300ｇ小動物 フード,https://store.shopping.yahoo.co.jp/bestone1/yk26923-a2510.html,https://item-shopping.c.yimg.jp/i/j/bestone1_yk26923-a2510,4977007036911,
candidate-399bf638793ae802f5b044cc,,,,variant_merge_uncertain,bird,,group_wide,自然派宣言 小鳥の補助食 元気がでる あわ玉,自然派宣言(ペット),bird_food,bird_seed_food,0.55,分類・統合confidence=0.55,バリエーション差と統合先を人手で確認する。,rakuten_product_navi,自然派宣言 小鳥の補助食 元気がでる あわ玉(330g),https://product.rakuten.co.jp/product/-/c2a40669d2ac2e323e0e18ebb481327c/?rafcid=wsc_i_ps_73e738b0-b0b2-4c81-a75d-493b024af8f0,https://r.r10s.jp/g/gran_img/ko/PEE/NR0/SLO/16J/3d3602c182aff3090db913729e3adb78.jpg?_ex=128x128,4972228253000,
candidate-3be381e39cbdb6e99bb5410a,,,,variant_merge_uncertain,bird,,group_wide,小鳥たちのソフトエッグフード,バードランド,bird_food,bird_seed_food,0.55,分類・統合confidence=0.55,バリエーション差と統合先を人手で確認する。,rakuten_product_navi,バードランド 小鳥たちのソフトエッグフード(約100g),https://product.rakuten.co.jp/product/-/8194aa762194f44a5abfb44983d8f4e7/?rafcid=wsc_i_ps_73e738b0-b0b2-4c81-a75d-493b024af8f0,https://r.r10s.jp/g/gran_img/ho/PEC/ZH8/NLK/3XO/5ac738965d81271e3d486beba207614d.jpg?_ex=128x128,4906456538431,MB-310
candidate-3e27333215f5dddc57e409b5,,,,variant_merge_uncertain,bird,,group_wide,ファープラスト 小鳥用水浴び容器 TREVI 4405 バードバス 色おまかせ 84405799 1567312,ferplast,sand,sand,0.55,分類・統合confidence=0.55,バリエーション差と統合先を人手で確認する。,rakuten_product_navi,ファープラスト 小鳥用水浴び容器 TREVI 4405 バードバス 色おまかせ 84405799 1567312,https://product.rakuten.co.jp/product/-/3da1fd9480762cb18a844e5cff65ce23/?rafcid=wsc_i_ps_73e738b0-b0b2-4c81-a75d-493b024af8f0,,8010690047607,4405
candidate-45751c3657fcd2511662bc55,,,,variant_merge_uncertain,aquarium,,group_wide,ジェックス コーナーパワーフィルター用 活性炭カートリッジ 内容量 使用環境 淡水・海水 観賞魚用ろか材 フィルター,GEX,activated_carbon,activated_carbon,0.55,分類・統合confidence=0.55,バリエーション差と統合先を人手で確認する。,yahoo_shopping,ジェックス コーナーパワーフィルター用 活性炭カートリッジ 4コ入 内容量 4個 使用環境 淡水・海水 GEX 観賞魚用ろか材 フィルター 価格は1個のお値段です,https://store.shopping.yahoo.co.jp/ulmax/4972547039736.html,https://item-shopping.c.yimg.jp/i/j/ulmax_4972547039736,4972547039736,
candidate-4d730b7e8e7a228e8381f24f,,,,variant_merge_uncertain,aquarium,,group_wide,エコクリンアカムシ 観賞魚用フード 冷凍 赤虫,キョーリン,fish_supplies,tropical_fish_food,0.55,分類・統合confidence=0.55,バリエーション差と統合先を人手で確認する。,rakuten_product_navi,キョーリン エコクリンアカムシ 観賞魚用フード 冷凍 赤虫 100g,https://product.rakuten.co.jp/product/-/e8b7227d790e713bc2debcdee45abc43/?rafcid=wsc_i_ps_73e738b0-b0b2-4c81-a75d-493b024af8f0,https://r.r10s.jp/g/gran_img/im/PF4/TMI/JVT/3WI/bea385b76f9bff9f3d7c76eee5ef5c20.jpg?_ex=128x128,4971618304193,
candidate-524ffa2843ad4e4fe7fb3255,,,,variant_merge_uncertain,bird,,group_wide,サンコー 小鳥用サンドパーチ 爪とぎパーチ Y型,三晃商会,sand,sand,0.55,分類・統合confidence=0.55,バリエーション差と統合先を人手で確認する。,yahoo_shopping,三晃商会　サンコー　小鳥用サンドパーチ　爪とぎパーチ　Ｙ型,https://store.shopping.yahoo.co.jp/usausarabbitry/4976285114700.html,https://item-shopping.c.yimg.jp/i/j/usausarabbitry_4976285114700,4976285114700,
candidate-5bfcea986e4d744d821b0676,,,,variant_merge_uncertain,aquarium,,group_wide,カメの主食 かめ用フード フード 観賞魚 ペット アクアリウム,イトスイ,shrimp_food,shrimp_food,0.55,分類・統合confidence=0.55,バリエーション差と統合先を人手で確認する。,yahoo_shopping,【お取り寄せ】イトスイ カメの主食 260g かめ用フード フード 観賞魚 ペット アクアリウム,https://store.shopping.yahoo.co.jp/cocodecow/y98116.html,https://item-shopping.c.yimg.jp/i/j/cocodecow_y98116,4971453051795,
candidate-5e1dc8d971fdf04a12807c7e,,,,variant_merge_uncertain,bird,,group_wide,自然派 小鳥のカルシウム ひな・繁殖期用,黒瀬ペットフード,bird_food,bird_seed_food,0.55,分類・統合confidence=0.55,バリエーション差と統合先を人手で確認する。,rakuten_product_navi,黒瀬ペットフード 自然派 小鳥のカルシウム ひな・繁殖期用 30g,https://product.rakuten.co.jp/product/-/ffe1f77c2f554aeb8b048d931c6698ca/?rafcid=wsc_i_ps_73e738b0-b0b2-4c81-a75d-493b024af8f0,https://r.r10s.jp/g/gran_img/im/PEP/TNG/YT2/TNK/951b69555cc6fa0352596aa2dc36cb81.jpg?_ex=128x128,4972228257374,
candidate-666ddeb21c353027474d7a20,,,,variant_merge_uncertain,bird,,group_wide,2980円以上で注文可能 バードカルシウム 小鳥用,ハイペット,calcium,calcium,0.55,分類・統合confidence=0.55,バリエーション差と統合先を人手で確認する。,yahoo_shopping,2980円以上で注文可能  ハイペット バードカルシウム 小鳥用 100g (1個),https://store.shopping.yahoo.co.jp/minoku-max/1758933673-1-b.html,https://item-shopping.c.yimg.jp/i/j/minoku-max_1758933673-1-b,4977007010584,
candidate-699ee9d2f8756aae9d4ab0aa,,,,variant_merge_uncertain,bird,,group_wide,小鳥の主食 4種ブレンド,黒瀬ペットフード,bird_food,bird_seed_food,0.55,分類・統合confidence=0.55,バリエーション差と統合先を人手で確認する。,rakuten_product_navi,黒瀬ペットフード 小鳥の主食 4種ブレンド 400g,https://product.rakuten.co.jp/product/-/62c1850e8bf945a4d015b82416b91f3b/?rafcid=wsc_i_ps_73e738b0-b0b2-4c81-a75d-493b024af8f0,https://r.r10s.jp/g/gran_img/ho/PEE/NA7/XQB/C5W/5ff39650c642c62c697d59354d27a01a.jpg?_ex=128x128,4972228224031,4972228224031
candidate-6a242961756cb3122e87b95a,,,,variant_merge_uncertain,bird,,group_wide,エクセル フルーツエッグフード 鳥 小鳥 ペット NPF,ナチュラルペットフーズ,bird_food,bird_seed_food,0.55,分類・統合confidence=0.55,バリエーション差と統合先を人手で確認する。,yahoo_shopping,4個セット ナチュラルペットフーズ エクセル フルーツエッグフード 130g  鳥 小鳥 ペット NPF,https://store.shopping.yahoo.co.jp/bestone1/yk36384-a2606.html,https://item-shopping.c.yimg.jp/i/j/bestone1_yk36384-a2606,4932804308234,
candidate-76f56178a38288e986d40246,,,,variant_merge_uncertain,bird,,group_wide,自然派宣言 小鳥の補助食 カナリーシード,自然派宣言(ペット),bird_food,bird_seed_food,0.55,分類・統合confidence=0.55,バリエーション差と統合先を人手で確認する。,rakuten_product_navi,自然派宣言 小鳥の補助食 カナリーシード(300g),https://product.rakuten.co.jp/product/-/f8f585e37d08d12b0814b9d24dbe3817/?rafcid=wsc_i_ps_73e738b0-b0b2-4c81-a75d-493b024af8f0,https://r.r10s.jp/g/gran_img/ko/PEE/NAS/GJI/BZI/0ee34646160006182ba10052d14e1b77.jpg?_ex=128x128,4972228253208,
candidate-8910cafc0f1784625c65dadc,,,,variant_merge_uncertain,bird,,group_wide,自然派 小鳥のハーブのちから,黒瀬ペットフード,bird_food,bird_seed_food,0.55,分類・統合confidence=0.55,バリエーション差と統合先を人手で確認する。,rakuten_product_navi,黒瀬ペットフード 自然派 小鳥のハーブのちから 15g,https://product.rakuten.co.jp/product/-/6a5688c8ad46889c71ccae75e63f441f/?rafcid=wsc_i_ps_73e738b0-b0b2-4c81-a75d-493b024af8f0,https://r.r10s.jp/g/gran_img/ho/PEE/NAD/7A1/AB3/5c4174cb1adc31fc2a331f3e8fa73a2c.jpg?_ex=128x128,4972228257220,
candidate-8a9d84454dc58d6a40bfe65c,,,,variant_merge_uncertain,bird,,group_wide,小鳥の主食 3種ブレンド,黒瀬ペットフード,bird_food,bird_seed_food,0.55,分類・統合confidence=0.55,バリエーション差と統合先を人手で確認する。,rakuten_product_navi,黒瀬ペットフード 小鳥の主食 3種ブレンド 400g,https://product.rakuten.co.jp/product/-/3e4c6c64120e3f36d752caeb68b3263e/?rafcid=wsc_i_ps_73e738b0-b0b2-4c81-a75d-493b024af8f0,https://r.r10s.jp/g/gran_img/ho/PEE/NR2/GZQ/HWO/b13097651b6cfc9e8b23c1fe9b3e29f4.jpg?_ex=128x128,4972228224024,KBS-02
candidate-9a7c0fcb5d6577d3e91e4605,,,,variant_merge_uncertain,bird,,group_wide,エクセル 葉緑素 ペットフード 小鳥 鳥 NPF,ナチュラルペットフーズ,bird_food,bird_seed_food,0.55,分類・統合confidence=0.55,バリエーション差と統合先を人手で確認する。,yahoo_shopping,6個セット ナチュラルペットフーズ エクセル 葉緑素 100g ペットフード 小鳥 鳥 NPF,https://store.shopping.yahoo.co.jp/bestone1/yk36395-a2606.html,https://item-shopping.c.yimg.jp/i/j/bestone1_yk36395-a2606,4932804308227,
candidate-9dba2b38ba27a2ee74ae38ae,,,,variant_merge_uncertain,bird,,group_wide,自然派宣言 小鳥の補助食 そばの実,自然派宣言(ペット),bird_food,bird_seed_food,0.55,分類・統合confidence=0.55,バリエーション差と統合先を人手で確認する。,rakuten_product_navi,自然派宣言 小鳥の補助食 そばの実(280g),https://product.rakuten.co.jp/product/-/bb8a6b32c5f00d417cf42feaeffd17f2/?rafcid=wsc_i_ps_73e738b0-b0b2-4c81-a75d-493b024af8f0,https://r.r10s.jp/g/gran_img/ko/PEE/NA9/26P/TRN/294411a36aeffcf8305ef5bbd398387d.jpg?_ex=128x128,4972228253703,
candidate-a44de1fcb2f25fe8fde33f6f,,,,variant_merge_uncertain,bird,,group_wide,小鳥の主食2種ブレンド,黒瀬ペットフード,bird_food,bird_seed_food,0.55,分類・統合confidence=0.55,バリエーション差と統合先を人手で確認する。,rakuten_product_navi,黒瀬ペットフード 小鳥の主食2種ブレンド 400g,https://product.rakuten.co.jp/product/-/1897690e8e898e0ea73bcaf5db56a9cb/?rafcid=wsc_i_ps_73e738b0-b0b2-4c81-a75d-493b024af8f0,https://r.r10s.jp/g/gran_img/ho/PEE/NAN/BFN/AJA/44748fcd145bb022d9dcd90af26176e1.jpg?_ex=128x128,4972228224017,4972228224017
candidate-b7324b5da3c0e7c140963270,,,,variant_merge_uncertain,bird,,group_wide,小鳥の補助食 エクセル フルーツエッグフード エクセルフル-ツエツグフ-ド,ナチュラルペットフーズ,bird_food,bird_seed_food,0.55,分類・統合confidence=0.55,バリエーション差と統合先を人手で確認する。,rakuten_product_navi,小鳥の補助食 エクセル フルーツエッグフード 130g ナチュラルペットフーズ エクセルフル-ツエツグフ-ド130G,https://product.rakuten.co.jp/product/-/ef989f92fcc0b30c3ab49ff01f950d5a/?rafcid=wsc_i_ps_73e738b0-b0b2-4c81-a75d-493b024af8f0,https://r.r10s.jp/g/gran_img/im/PEG/NVS/508/9BO/3d1ea10ab2a3deef04adb3e1c7c5e310.jpg?_ex=128x128,4932804308234,4932804308234
candidate-be523e2a68439f969fca475c,,,,variant_merge_uncertain,aquarium,,group_wide,カメのおやつ ミックスフード かめ用フード フード 観賞魚 ペット アクアリウム,イトスイ,shrimp_food,shrimp_food,0.55,分類・統合confidence=0.55,バリエーション差と統合先を人手で確認する。,yahoo_shopping,【お取り寄せ】イトスイ カメのおやつ ミックスフード 25g かめ用フード フード 観賞魚 ペット アクアリウム,https://store.shopping.yahoo.co.jp/jetprice/b698jn.html,https://item-shopping.c.yimg.jp/i/j/jetprice_b698jn,4971453057667,
candidate-be586aec80fe478e714ff22b,,,,variant_merge_uncertain,bird,,group_wide,カルビタバード 小鳥用液体カルシウム 小鳥用 ビバホーム,現代製薬,calcium,calcium,0.55,分類・統合confidence=0.55,バリエーション差と統合先を人手で確認する。,yahoo_shopping,現代製薬　カルビタバード 小鳥用液体カルシウム　50ml 50ml 小鳥用 ビバホーム,https://store.shopping.yahoo.co.jp/vivashop/30176804.html,https://item-shopping.c.yimg.jp/i/j/vivashop_30176804,4972468011316,
candidate-c0e5af458dbe623a52b9fde5,,,,variant_merge_uncertain,aquarium,,group_wide,観賞魚用フード 4048 コメット ヌマエビの主食,イトスイ,shrimp_food,shrimp_food,0.55,分類・統合confidence=0.55,バリエーション差と統合先を人手で確認する。,yahoo_shopping,観賞魚用フード 4048 イトスイ コメット ヌマエビの主食 40g×15セット（600ｇ）,https://store.shopping.yahoo.co.jp/paphilus/fish-127.html,https://item-shopping.c.yimg.jp/i/j/paphilus_fish-127,4971453054048,
candidate-d9f05bba681d3437b53b1b8d,,,,variant_merge_uncertain,aquarium,,group_wide,Organic X オーガニックX 有機物吸着剤 淡水 海水 アクアリウム 活性炭 藻類抑制,ZOOX,activated_carbon,activated_carbon,0.55,分類・統合confidence=0.55,バリエーション差と統合先を人手で確認する。,yahoo_shopping,Organic X 1000ml オーガニックX ZOOX 有機物吸着剤 淡水 海水 アクアリウム 活性炭 藻類抑制,https://store.shopping.yahoo.co.jp/aquacraft/r2-07-20783.html,https://item-shopping.c.yimg.jp/i/j/aquacraft_r2-07-20783,4540103020063,
candidate-e0511244f3da501433705682,,,,variant_merge_uncertain,bird,,group_wide,自然派宣言 小鳥の補助食 元気がでる あわ玉ミックス,自然派宣言(ペット),bird_food,bird_seed_food,0.55,分類・統合confidence=0.55,バリエーション差と統合先を人手で確認する。,rakuten_product_navi,自然派宣言 小鳥の補助食 元気がでる あわ玉ミックス(330g),https://product.rakuten.co.jp/product/-/729e2c32e2a111f0ddb3e5503dce3c94/?rafcid=wsc_i_ps_73e738b0-b0b2-4c81-a75d-493b024af8f0,https://r.r10s.jp/g/gran_img/ko/PEE/N6K/90P/YQH/082cfe10646d5babac0a88058c9f48ed.jpg?_ex=128x128,4972228253017,
candidate-e61de3d0b1e6ec7d77c68823,,,,small_animal_scope_unclear|target_species_unknown|variant_merge_uncertain,small_animal,,unconfirmed,ちんちらのきわみ 小動物 フード,ハイペット,small_mammal_food,small_mammal_food,0.55,「小動物」以外の具体的な対象種が確認できない。 / 商品名・説明から具体的な対象種を確認できない。 / 分類・統合confidence=0.55,group_wideにせず、具体的な対象種が確認できるまで保留する。 / メーカー公式の商品説明で対象種を確認する。 / バリエーション差と統合先を人手で確認する。,yahoo_shopping,ハイペット ちんちらのきわみ 300ｇ小動物 フード,https://store.shopping.yahoo.co.jp/largo1991/fk6169-a2503.html,https://item-shopping.c.yimg.jp/i/j/largo1991_fk6169-a2503,4977007036911,
candidate-f216906d7272d930cd324ac0,,,,variant_merge_uncertain,insect,,group_wide,M‐702 バイオ育成カブト虫マット 昆虫 昆虫用飼育マット 用品,マルカン,adult_mat,adult_mat,0.55,分類・統合confidence=0.55,バリエーション差と統合先を人手で確認する。,rakuten_ichiba,（株）マルカン M‐702 バイオ育成カブト虫マット5L 昆虫 昆虫用飼育マット 用品｛SK},https://hb.afl.rakuten.co.jp/hgc/g00t2h1n.pd2g8f6f.g00t2h1n.pd2g9e9b/?pc=https%3A%2F%2Fitem.rakuten.co.jp%2Fhakozume%2F10034881%2F&m=http%3A%2F%2Fm.rakuten.co.jp%2Fhakozume%2Fi%2F10034881%2F&rafcid=wsc_i_is_73e738b0-b0b2-4c81-a75d-493b024af8f0,https://thumbnail.image.rakuten.co.jp/@0_mall/hakozume/cabinet/j3/4906456550006.jpg?_ex=128x128,,
candidate-f4b43cb2a96b1c834ae75a0e,,,,variant_merge_uncertain,bird,,group_wide,天然サプリメント 大地と海の恵み 大容量 PF-37 鳥用サプリ,黒瀬ペットフード,grit,grit,0.55,分類・統合confidence=0.55,バリエーション差と統合先を人手で確認する。,yahoo_shopping,天然サプリメント 大地と海の恵み 大容量 80g 黒瀬ペットフード PF-37 鳥用サプリ,https://store.shopping.yahoo.co.jp/torippie/4972228252348.html,https://item-shopping.c.yimg.jp/i/j/torippie_4972228252348,4972228252348,
candidate-fc565473fef7323b2eeec5ce,,,,variant_merge_uncertain,bird,,group_wide,バードサンド,ナチュラルペットフーズ,sand,sand,0.55,分類・統合confidence=0.55,バリエーション差と統合先を人手で確認する。,yahoo_shopping,ナチュラルペットフーズ バードサンド1.5kg ×4個 | バードサンド 小鳥用 砂 エクセル 1.5kg まとめ買い ペット用品,https://store.shopping.yahoo.co.jp/beisia/4932804354262.html,https://item-shopping.c.yimg.jp/i/j/beisia_4932804354262,4932804354262,
candidate-ff80a1423c453955cd1b0af5,,,,variant_merge_uncertain,bird,,group_wide,サンコー 小鳥用サンドパーチ 爪とぎパーチ ストレート,三晃商会,sand,sand,0.55,分類・統合confidence=0.55,バリエーション差と統合先を人手で確認する。,yahoo_shopping,三晃商会　サンコー　小鳥用サンドパーチ　爪とぎパーチ　ストレート,https://store.shopping.yahoo.co.jp/usausarabbitry/4976285114601.html,https://item-shopping.c.yimg.jp/i/j/usausarabbitry_4976285114601,4976285114601,
candidate-0202f839c154bac46a61fe8f,,,,variant_merge_uncertain,bird,,group_wide,小鳥に不足しがちな各種ビタミンをバランス良く配合。リキッドエイド マルチビタミンバード,三晃商会,supplement,supplement,0.6,分類・統合confidence=0.60,バリエーション差と統合先を人手で確認する。,yahoo_shopping,小鳥に不足しがちな各種ビタミンをバランス良く配合。リキッドエイド　マルチビタミンバード（国産）[三晃商会],https://store.shopping.yahoo.co.jp/e-petyasan/4976285154201.html,https://item-shopping.c.yimg.jp/i/j/e-petyasan_4976285154201,4976285154201,
candidate-0b1e60bba078ba86a6476eb0,,,,variant_merge_uncertain,bird,,group_wide,小鳥のための乳酸菌 便利な計量スプーン付き カルシウムIn 顆粒タイプ 小鳥用栄養補助測品 SANKO F45,三晃商会,bird_food,bird_pellet,0.6,分類・統合confidence=0.60,バリエーション差と統合先を人手で確認する。,yahoo_shopping,三晃商会 小鳥のための乳酸菌 20g 便利な計量スプーン付き カルシウムIn 顆粒タイプ 小鳥用栄養補助測品 SANKO F45,https://store.shopping.yahoo.co.jp/r-st/4976285154508-1.html,https://item-shopping.c.yimg.jp/i/j/r-st_4976285154508-1,4976285154508,
candidate-26a96b2e90f1550e42b007c8,,,,small_animal_scope_unclear|target_species_unknown|variant_merge_uncertain,small_animal,,unconfirmed,かじり木牧草ワイドフィーダー 小動物用 フィーダー 木製 チモシー入れ 餌入れ 牧草入れ 牧草カウンター 食器 ペット用品,マルカン,chew_toy,chew_toy,0.6,「小動物」以外の具体的な対象種が確認できない。 / 商品名・説明から具体的な対象種を確認できない。 / 分類・統合confidence=0.60,group_wideにせず、具体的な対象種が確認できるまで保留する。 / メーカー公式の商品説明で対象種を確認する。 / バリエーション差と統合先を人手で確認する。,rakuten_ichiba,【マラソン限定クーポンで500円OFF!】マルカン かじり木牧草ワイドフィーダー 小動物用 フィーダー 木製 チモシー入れ 餌入れ 牧草入れ 牧草カウンター 食器 ペット用品,https://hb.afl.rakuten.co.jp/hgc/g00s4gan.pd2g8207.g00s4gan.pd2g9c2c/?pc=https%3A%2F%2Fitem.rakuten.co.jp%2Fcheeky%2Fu520212%2F&m=http%3A%2F%2Fm.rakuten.co.jp%2Fcheeky%2Fi%2F10402246%2F&rafcid=wsc_i_is_73e738b0-b0b2-4c81-a75d-493b024af8f0,https://thumbnail.image.rakuten.co.jp/@0_mall/cheeky/cabinet/20001-20250/u520212.jpg?_ex=128x128,,
candidate-27b98f91f93077b3c9a14bdb,,,,variant_merge_uncertain,bird,,group_wide,小鳥用 ボレー粉 鳥の餌 小鳥用補助飼料,SMILE PET CLUB,grit,grit,0.6,分類・統合confidence=0.60,バリエーション差と統合先を人手で確認する。,yahoo_shopping,小鳥用 ボレー粉 800g 鳥の餌 小鳥用補助飼料 SMILE PET CLUB,https://store.shopping.yahoo.co.jp/asobi/sin-bore800.html,https://item-shopping.c.yimg.jp/i/j/asobi_sin-bore800,4580796112898,
candidate-2edd0ffef5972eaa14253b48,,,,variant_merge_uncertain,bird,,group_wide,バードケージスタンドF3 /鳥かご カゴ ケージ ゲージ 吊り下げ 小鳥,ブランド登録なし,sand,sand,0.6,分類・統合confidence=0.60,バリエーション差と統合先を人手で確認する。,yahoo_shopping,バードケージスタンドＦ３＜重り用砂付き＞/鳥かご カゴ ケージ ゲージ 吊り下げ 小鳥,https://store.shopping.yahoo.co.jp/heaven-y/3235.html,https://item-shopping.c.yimg.jp/i/j/heaven-y_3235,8010690006888,
candidate-362d33250c476ba542d282c8,,,,variant_merge_uncertain,bird,,group_wide,S&amp;X サンドパーチカバー 小鳥用 砂入り 止まり木カバー Sサイズ ディスプレイ用箱 爪のお手入れに 止まり木を清潔に保つ Small,ブランド登録なし,sand,sand,0.6,分類・統合confidence=0.60,バリエーション差と統合先を人手で確認する。,yahoo_shopping,【並行輸入品】S&amp;X サンドパーチカバー 小鳥用 砂入り 止まり木カバー Sサイズ 72 個 ディスプレイ用箱 爪のお手入れに 止まり木を清潔に保つ Small,https://store.shopping.yahoo.co.jp/americankitchen/je0000635akc.html,https://item-shopping.c.yimg.jp/i/j/americankitchen_je0000635akc,,
candidate-3ab81c392b844df0fe07d536,,,,variant_merge_uncertain,bird,,group_wide,NPF フルーツエッグフード,ナチュラルペットフーズ,mineral,mineral,0.6,分類・統合confidence=0.60,バリエーション差と統合先を人手で確認する。,yahoo_shopping,ＮＰＦ　フルーツエッグフード　１３０ｇ,https://store.shopping.yahoo.co.jp/chanet/262644.html,https://item-shopping.c.yimg.jp/i/j/chanet_262644,4932804308234,
candidate-3c38a191ef1a7c3f012bfc87,,,,variant_merge_uncertain,bird,,group_wide,おやつ感覚サプリメントinこ棒 鳥用サプリ,黒瀬ペットフード,bird_food,bird_pellet,0.6,分類・統合confidence=0.60,バリエーション差と統合先を人手で確認する。,yahoo_shopping,黒瀬ペットフード おやつ感覚サプリメントinこ棒 50g 鳥用サプリ,https://store.shopping.yahoo.co.jp/torippie/4972228223041.html,https://item-shopping.c.yimg.jp/i/j/torippie_4972228223041,4972228223041,
candidate-3ed41e6d65f8c251a31a4d3f,,,,variant_merge_uncertain,bird,,group_wide,小鳥のための乳酸菌カルシウムin No.F45,三晃商会,cuttlebone,cuttlebone,0.6,分類・統合confidence=0.60,バリエーション差と統合先を人手で確認する。,yahoo_shopping,三晃商会　小鳥のための乳酸菌カルシウムｉｎ　20g　No.F45,https://store.shopping.yahoo.co.jp/fish-y/sanko20230601-13.html,https://item-shopping.c.yimg.jp/i/j/fish-y_sanko20230601-13,4976285154508,
candidate-41dabbfa4cd24ad796e42334,,,,variant_merge_uncertain,bird,,group_wide,バードカルシウム 小鳥 栄養補助食品,ハイペット,calcium,calcium,0.6,分類・統合confidence=0.60,バリエーション差と統合先を人手で確認する。,rakuten_ichiba,ハイペット バードカルシウム 小鳥 栄養補助食品 100g,https://hb.afl.rakuten.co.jp/hgc/g00t6oan.pd2g81b1.g00t6oan.pd2g9d3e/?pc=https%3A%2F%2Fitem.rakuten.co.jp%2Fhcvalor-eshop%2Fvh-4977007010584%2F&m=http%3A%2F%2Fm.rakuten.co.jp%2Fhcvalor-eshop%2Fi%2F13529612%2F&rafcid=wsc_i_is_73e738b0-b0b2-4c81-a75d-493b024af8f0,https://thumbnail.image.rakuten.co.jp/@0_mall/hcvalor-eshop/cabinet/49770/070/10/vh-4977007010584.jpg?_ex=128x128,,
candidate-4414660c63f52ae0159fe176,,,,variant_merge_uncertain,bird,,group_wide,P- B46 爪とぎパーチ ストレート,三晃商会,sand,sand,0.6,分類・統合confidence=0.60,バリエーション差と統合先を人手で確認する。,yahoo_shopping,P-4976285114601 三晃商会  Ｂ４６　爪とぎパーチ　ストレート,https://store.shopping.yahoo.co.jp/kaden-sakura/p-4976285114601.html,https://item-shopping.c.yimg.jp/i/j/kaden-sakura_p-4976285114601,4976285114601,
candidate-4420a2b5045204c1fb347093,,,,variant_merge_uncertain,bird,,group_wide,鳥用品 小判型 大 爆買,ブランド登録なし,bath,bath,0.6,分類・統合confidence=0.60,バリエーション差と統合先を人手で確認する。,yahoo_shopping,鳥用品 小判型 大 (小鳥用 水浴び 食器 容器 ペット用品 ナチュラルペットフーズ) 爆買,https://store.shopping.yahoo.co.jp/hc7/4932804352329.html,https://item-shopping.c.yimg.jp/i/j/hc7_4932804352329,4932804352329,
candidate-450e893a438ff8e0a83e8408,,,,variant_merge_uncertain,bird,,group_wide,小鳥用液体カルシウム カルビタバード 日本,現代製薬,calcium,calcium,0.6,分類・統合confidence=0.60,バリエーション差と統合先を人手で確認する。,yahoo_shopping,[現代製薬] 小鳥用液体カルシウム カルビタバード 50ml 日本,https://store.shopping.yahoo.co.jp/french-french/pp-4972468011316.html,https://item-shopping.c.yimg.jp/i/j/french-french_pp-4972468011316,4972468011316,
candidate-4528ffb0d0ec7cb28863064a,,,,variant_merge_uncertain,bird,,group_wide,爪とぎパーチ Y型 中国,三晃商会,sand,sand,0.6,分類・統合confidence=0.60,バリエーション差と統合先を人手で確認する。,yahoo_shopping,[三晃商会] 爪とぎパーチ Y型 中国,https://store.shopping.yahoo.co.jp/bluedays/pp-4976285114700.html,https://item-shopping.c.yimg.jp/i/j/bluedays_pp-4976285114700,4976285114700,
candidate-474dbf9c0320774b6f50e481,,,,variant_merge_uncertain,bird,,group_wide,黒瀬ペットフード 商品数 小鳥のハーブのちから スーパーフード4種ブレンド 小鳥のカルシウム 3種からお選び下さい 小鳥,自然派宣言,calcium,calcium,0.6,分類・統合confidence=0.60,バリエーション差と統合先を人手で確認する。,yahoo_shopping,黒瀬ペットフード 自然派宣言 商品数1個 小鳥のハーブのちから　スーパーフード４種ブレンド　小鳥のカルシウム(ひな・繁殖期用)　３種からお選び下さい　小鳥,https://store.shopping.yahoo.co.jp/three-s-mart/np-4972228257220-s.html,https://item-shopping.c.yimg.jp/i/j/three-s-mart_np-4972228257220-s,4972228257220,
candidate-52a3265c5020ec3e079c42bd,,,,variant_merge_uncertain,bird,,group_wide,小鳥用液体カルシウム カルビタバード 栄養強化 液体飼料 国産 ビタミン アミノ酸 クロレラエキス ニンニクエキス配合,現代製薬,calcium,calcium,0.6,分類・統合confidence=0.60,バリエーション差と統合先を人手で確認する。,yahoo_shopping,小鳥用液体カルシウム カルビタバード 50ml 栄養強化 液体飼料 国産 ビタミン アミノ酸 クロレラエキス ニンニクエキス配合 現代製薬,https://store.shopping.yahoo.co.jp/asahipenstore/tp-4972468011316.html,https://item-shopping.c.yimg.jp/i/j/asahipenstore_tp-4972468011316,4972468011316,
candidate-5e132298ce662792565a9ccb,,,,variant_merge_uncertain,bird,,group_wide,爪とぎパーチ ストレート 中国,三晃商会,sand,sand,0.6,分類・統合confidence=0.60,バリエーション差と統合先を人手で確認する。,yahoo_shopping,[三晃商会] 爪とぎパーチ ストレート 中国,https://store.shopping.yahoo.co.jp/bluedays/pp-4976285114601.html,https://item-shopping.c.yimg.jp/i/j/bluedays_pp-4976285114601,4976285114601,
candidate-67e1a3dca4033af8336559ab,,,,variant_merge_uncertain,aquarium,,group_wide,ジェックス カメ元気 カメのごちそう パン えび かめ用フード フード 観賞魚 ペット アクアリウム,GEX,shrimp_food,shrimp_food,0.6,分類・統合confidence=0.60,バリエーション差と統合先を人手で確認する。,rakuten_ichiba,【お取り寄せ】ジェックス カメ元気 カメのごちそう パン えび 20g かめ用フード フード 観賞魚 ペット アクアリウム,https://hb.afl.rakuten.co.jp/hgc/g00scpcn.pd2g8519.g00scpcn.pd2g9565/?pc=https%3A%2F%2Fitem.rakuten.co.jp%2Fjetprice%2Fs21261%2F&m=http%3A%2F%2Fm.rakuten.co.jp%2Fjetprice%2Fi%2F10122349%2F&rafcid=wsc_i_is_73e738b0-b0b2-4c81-a75d-493b024af8f0,https://thumbnail.image.rakuten.co.jp/@0_mall/jetprice/cabinet/526/j33014.jpg?_ex=128x128,,
candidate-67f5e96608e17d1a21dca9a2,,,,variant_merge_uncertain,bird,,group_wide,エクセル グリーンフード 爆買,ナチュラルペットフーズ,bird_food,bird_pellet,0.6,分類・統合confidence=0.60,バリエーション差と統合先を人手で確認する。,yahoo_shopping,ナチュラルペットフーズ エクセル グリーンフード (ビタミン補給) [鳥 えさ エサ 餌 フード] 120g 爆買,https://store.shopping.yahoo.co.jp/yamakishi/4932804308012.html,https://item-shopping.c.yimg.jp/i/j/yamakishi_4932804308012,4932804308012,
candidate-6acacd4be92283c62990bc1f,,,,variant_merge_uncertain,aquarium,,group_wide,ジェックス カメ元気 カメのごちそうパン えび かめ用フード フード 観賞魚 ペット アクアリウム,GEX,shrimp_food,shrimp_food,0.6,分類・統合confidence=0.60,バリエーション差と統合先を人手で確認する。,rakuten_ichiba,【マラソン限定★ポイント2倍】【お取り寄せ】ジェックス カメ元気 カメのごちそうパン えび 20g かめ用フード フード 観賞魚 ペット アクアリウム,https://hb.afl.rakuten.co.jp/hgc/g00qq8tn.pd2g801e.g00qq8tn.pd2g937e/?pc=https%3A%2F%2Fitem.rakuten.co.jp%2Fcocodecow%2Fr79363%2F&m=http%3A%2F%2Fm.rakuten.co.jp%2Fcocodecow%2Fi%2F10186485%2F&rafcid=wsc_i_is_73e738b0-b0b2-4c81-a75d-493b024af8f0,https://thumbnail.image.rakuten.co.jp/@0_mall/cocodecow/cabinet/535/j33014.jpg?_ex=128x128,,
candidate-6ee2796b5a44a74a9f84646a,,,,variant_merge_uncertain,bird,,group_wide,大好きん 小鳥用,日本生菌研究所,supplement,supplement,0.6,分類・統合confidence=0.60,バリエーション差と統合先を人手で確認する。,yahoo_shopping,日本生菌研究所 大好きん 小鳥用 45g×2個,https://store.shopping.yahoo.co.jp/rsmart/4513731000189.html,https://item-shopping.c.yimg.jp/i/j/rsmart_4513731000189,4513731000189,
candidate-83f7511899a632d43861621f,,,,variant_merge_uncertain,bird,,group_wide,クロセ 黒瀬 竹炭入りプチ塩土 9991326 鳥 とり トリ 餌 えさ 黒瀬 ペットフード,黒瀬ペットフード,mineral,mineral,0.6,分類・統合confidence=0.60,バリエーション差と統合先を人手で確認する。,yahoo_shopping,クロセ 黒瀬   竹炭入りプチ塩土　3個入り   9991326    鳥 とり トリ 餌 えさ 黒瀬 ペットフード,https://store.shopping.yahoo.co.jp/birdmore/0-200001004977-10.html,https://item-shopping.c.yimg.jp/i/j/birdmore_0-200001004977-10,4972228240147,
candidate-93d1608f1ec071d51ef812e7,,,,variant_merge_uncertain,bird,,group_wide,エクセル グリーンフード,ナチュラルペットフーズ,bird_food,bird_pellet,0.6,分類・統合confidence=0.60,バリエーション差と統合先を人手で確認する。,yahoo_shopping,エクセル グリーンフード 120g ナチュラルペットフーズ 返品種別B,https://store.shopping.yahoo.co.jp/joshin/4932804308012-73-30002235.html,https://item-shopping.c.yimg.jp/i/j/joshin_4932804308012-73-30002235,4932804308012,
candidate-a1f98cb7782dd79dbfee2b10,,,,variant_merge_uncertain,bird,,group_wide,ウェルバランス 小鳥のためのビタミンミネラル F451,三晃商会,mineral,mineral,0.6,分類・統合confidence=0.60,バリエーション差と統合先を人手で確認する。,yahoo_shopping,【全国送料350円対応】 三晃商会 ウェルバランス 小鳥のためのビタミンミネラル 20g F451,https://store.shopping.yahoo.co.jp/rayonvertaqua/13710.html,https://item-shopping.c.yimg.jp/i/j/rayonvertaqua_13710,4976285154515,
candidate-b1076ec8f379b7b4196fbef2,,,,variant_merge_uncertain,bird,,group_wide,大地と海の恵み,自然派宣言,mineral,mineral,0.6,分類・統合confidence=0.60,バリエーション差と統合先を人手で確認する。,yahoo_shopping,自然派宣言 大地と海の恵み ３０ｇ,https://store.shopping.yahoo.co.jp/animaux-mignons/281029.html,https://item-shopping.c.yimg.jp/i/j/animaux-mignons_281029,4972228256667,
candidate-b49da81bb9b0e2391d9805e2,,,,variant_merge_uncertain,bird,,group_wide,小鳥のおやつスタンド コトリノオヤツスタンド,マルカン,bird_food,bird_seed_food,0.6,分類・統合confidence=0.60,バリエーション差と統合先を人手で確認する。,rakuten_ichiba,小鳥のおやつスタンド マルカン コトリノオヤツスタンド,https://hb.afl.rakuten.co.jp/hgc/g00pukwn.pd2g849d.g00pukwn.pd2g998b/?pc=https%3A%2F%2Fitem.rakuten.co.jp%2Fjism%2F4906456550259-73-30003290-n%2F&m=http%3A%2F%2Fm.rakuten.co.jp%2Fjism%2Fi%2F13900060%2F&rafcid=wsc_i_is_73e738b0-b0b2-4c81-a75d-493b024af8f0,https://thumbnail.image.rakuten.co.jp/@0_mall/jism/cabinet/1147/4906456550259.jpg?_ex=128x128,,
candidate-b77416f07151d5b5ba20b421,,,,variant_merge_uncertain,bird,,group_wide,鳥用品 小判型 小 爆買,ブランド登録なし,bath,bath,0.6,分類・統合confidence=0.60,バリエーション差と統合先を人手で確認する。,yahoo_shopping,鳥用品 小判型 小 (小鳥用 水浴び 食器 容器 ペット用品 ナチュラルペットフーズ) 爆買,https://store.shopping.yahoo.co.jp/hc7/4932804352305.html,https://item-shopping.c.yimg.jp/i/j/hc7_4932804352305,4932804352305,
candidate-b8d50e48446798bf1986bfd1,,,,variant_merge_uncertain,bird,,group_wide,エクセル小型塩土,ナチュラルペットフーズ,mineral,mineral,0.6,分類・統合confidence=0.60,バリエーション差と統合先を人手で確認する。,yahoo_shopping,ナチュラルペットフーズエクセル小型塩土３個【レターパックプラスOK】,https://store.shopping.yahoo.co.jp/p-animal/4932804308203.html,https://item-shopping.c.yimg.jp/i/j/p-animal_4932804308203,4932804308203,
candidate-baf02b43073d5f5f8720c8e1,,,,variant_merge_uncertain,bird,,group_wide,小鳥のためのビタミンミネラル サンコー SANKO ウェルバランス,三晃商会,mineral,mineral,0.6,分類・統合confidence=0.60,バリエーション差と統合先を人手で確認する。,yahoo_shopping,小鳥のためのビタミンミネラル サンコー 三晃商会 SANKO ウェルバランス,https://store.shopping.yahoo.co.jp/birdmore/0-200001022264-10.html,https://item-shopping.c.yimg.jp/i/j/birdmore_0-200001022264-10,4976285154515,
candidate-c608d7bc371b0dd5eed26c2b,,,,variant_merge_uncertain,bird,,group_wide,小鳥のバスルーム,マルカン,bath,bath,0.6,分類・統合confidence=0.60,バリエーション差と統合先を人手で確認する。,yahoo_shopping,マルカン 小鳥のバスルーム,https://store.shopping.yahoo.co.jp/webby/4906456578116.html,https://item-shopping.c.yimg.jp/i/j/webby_4906456578116,4906456578116,
candidate-c6219392dfd18c467b89f86e,,,,variant_merge_uncertain,bird,,group_wide,国産 小鳥用食べる土,黒瀬ペットフード,mineral,mineral,0.6,分類・統合confidence=0.60,バリエーション差と統合先を人手で確認する。,yahoo_shopping,国産 小鳥用食べる土 「黒瀬ペットフード」,https://store.shopping.yahoo.co.jp/petking/4972228224482.html,https://item-shopping.c.yimg.jp/i/j/petking_4972228224482,4972228224482,
candidate-c8a0089dac87643fae5647bc,,,,variant_merge_uncertain,bird,,group_wide,エクセル 小型塩土 爆買,ナチュラルペットフーズ,mineral,mineral,0.6,分類・統合confidence=0.60,バリエーション差と統合先を人手で確認する。,yahoo_shopping,ナチュラルペットフーズ エクセル 小型塩土 [鳥 飼育] 3個 爆買,https://store.shopping.yahoo.co.jp/yamakishi/4932804308203.html,https://item-shopping.c.yimg.jp/i/j/yamakishi_4932804308203,4932804308203,
candidate-d7cc999340c2be42d4de549c,,,,variant_merge_uncertain,bird,,group_wide,小鳥の餌 国産 小鳥の主食4種ブレンド,黒瀬ペットフード,bird_food,bird_seed_food,0.6,分類・統合confidence=0.60,バリエーション差と統合先を人手で確認する。,yahoo_shopping,小鳥の餌 黒瀬ペットフード 国産 小鳥の主食4種ブレンド 400g,https://store.shopping.yahoo.co.jp/aquapet/a-4972228224031.html,https://item-shopping.c.yimg.jp/i/j/aquapet_a-4972228224031,4972228224031,
candidate-d7fa2bb28e2a4ce1d05d4827,,,,variant_merge_uncertain,bird,,group_wide,エクセル イエローフード,ナチュラルペットフーズ,bird_food,bird_pellet,0.6,分類・統合confidence=0.60,バリエーション差と統合先を人手で確認する。,yahoo_shopping,ナチュラルペットフーズ エクセル イエローフード 90g,https://store.shopping.yahoo.co.jp/r-st/4932804308029-1.html,https://item-shopping.c.yimg.jp/i/j/r-st_4932804308029-1,4932804308029,
candidate-dc41c1a0e3db80eb1be6d702,,,,small_animal_scope_unclear|target_species_unknown|variant_merge_uncertain,small_animal,,unconfirmed,P- 小動物のコーンフロアサンド,ドギーマン,deodorizer,deodorizer,0.6,「小動物」以外の具体的な対象種が確認できない。 / 商品名・説明から具体的な対象種を確認できない。 / 分類・統合confidence=0.60,group_wideにせず、具体的な対象種が確認できるまで保留する。 / メーカー公式の商品説明で対象種を確認する。 / バリエーション差と統合先を人手で確認する。,yahoo_shopping,P-4976555247435 ドギーマン 小動物のコーンフロアサンド 4.5L,https://store.shopping.yahoo.co.jp/kaden-sakura/p-4976555247435.html,https://item-shopping.c.yimg.jp/i/j/kaden-sakura_p-4976555247435,4976555247435,
candidate-e1ef6af7ddd76eea8d060da1,,,,variant_merge_uncertain,bird,,group_wide,黒瀬ペットフード 同種 小鳥のハーブのちから スーパーフード4種ブレンド 小鳥のカルシウム 3種からお選び下さい,自然派宣言,calcium,calcium,0.6,分類・統合confidence=0.60,バリエーション差と統合先を人手で確認する。,yahoo_shopping,黒瀬ペットフード 同種3個セット 自然派宣言　小鳥のハーブのちから　スーパーフード４種ブレンド　小鳥のカルシウム(ひな・繁殖期用)　３種からお選び下さい,https://store.shopping.yahoo.co.jp/three-s-mart/np-4972228257220-3s.html,https://item-shopping.c.yimg.jp/i/j/three-s-mart_np-4972228257220-3s,4972228257220,
candidate-e681ce3536e0d12efe16cbc7,,,,variant_merge_uncertain,bird,,group_wide,国産 小鳥の主食 4種ブレンド,黒瀬ペットフード,bird_food,bird_seed_food,0.6,分類・統合confidence=0.60,バリエーション差と統合先を人手で確認する。,yahoo_shopping,【お買い得】【３個セット】 黒瀬ペットフード　 国産　小鳥の主食　４種ブレンド　４００ｇ×３個セット,https://store.shopping.yahoo.co.jp/usausarabbitry/4972228224031-03.html,https://item-shopping.c.yimg.jp/i/j/usausarabbitry_4972228224031-03,4972228224031,
candidate-eb4e929f001abd822053977f,,,,variant_merge_uncertain,bird,,group_wide,P- B47 爪とぎパーチ Y型,三晃商会,sand,sand,0.6,分類・統合confidence=0.60,バリエーション差と統合先を人手で確認する。,yahoo_shopping,P-4976285114700 三晃商会  Ｂ４７　爪とぎパーチ　Ｙ型,https://store.shopping.yahoo.co.jp/kaden-sakura/p-4976285114700.html,https://item-shopping.c.yimg.jp/i/j/kaden-sakura_p-4976285114700,4976285114700,
candidate-ed4b3bf3f41323ab5e4539cd,,,,variant_merge_uncertain,bird,,group_wide,自然派宣言 小鳥のカルシウム 粉末 鳥用サプリ,黒瀬ペットフード,calcium,calcium,0.6,分類・統合confidence=0.60,バリエーション差と統合先を人手で確認する。,yahoo_shopping,自然派宣言 小鳥のカルシウム（ひな・繁殖用） 粉末30g 黒瀬ペットフード 鳥用サプリ,https://store.shopping.yahoo.co.jp/torippie/822-172-345.html,https://item-shopping.c.yimg.jp/i/j/torippie_822-172-345,4972228251563,
candidate-ef0c129537fc8cfa959160fc,,,,variant_merge_uncertain,bird,,group_wide,S&amp;X サンドパーチカバー 小鳥用 砂入り 止まり木カバー Sサイズ ディスプレイ用箱 爪のお手入れに 止まり木を清潔に保つ Sma,ブランド登録なし,sand,sand,0.6,分類・統合confidence=0.60,バリエーション差と統合先を人手で確認する。,yahoo_shopping,【並行輸入品】S&amp;X サンドパーチカバー 小鳥用 砂入り 止まり木カバー Sサイズ 72 個 ディスプレイ用箱 爪のお手入れに 止まり木を清潔に保つ Sma,https://store.shopping.yahoo.co.jp/drplus/je0000635msy.html,https://item-shopping.c.yimg.jp/i/j/drplus_je0000635msy,,
candidate-fad27da5c27441cc1bd1ebf0,,,,variant_merge_uncertain,bird,,group_wide,小鳥用敷材・床材 バードマット SANKO,三晃商会,bedding,bedding,0.6,分類・統合confidence=0.60,バリエーション差と統合先を人手で確認する。,yahoo_shopping,小鳥用敷材・床材 バードマット ５L　SANKO,https://store.shopping.yahoo.co.jp/torippie/281-313-380.html,https://item-shopping.c.yimg.jp/i/j/torippie_281-313-380,4976285080609,
candidate-fdc3b81833c1302429c3c8bf,,,,variant_merge_uncertain,bird,,group_wide,自然派宣言 小鳥のダイエットフードハーブミックス,黒瀬ペットフード,bird_food,bird_seed_food,0.6,分類・統合confidence=0.60,バリエーション差と統合先を人手で確認する。,yahoo_shopping,自然派宣言 小鳥のダイエットフードハーブミックス 100g 「黒瀬ペットフード」,https://store.shopping.yahoo.co.jp/petking/4972228252225.html,https://item-shopping.c.yimg.jp/i/j/petking_4972228252225,4972228252225,
candidate-ffd5b907284d787933ae7f3f,,,,variant_merge_uncertain,bird,,group_wide,小鳥の巣草 敷草、巣箱用床材,アラタ,bedding,bedding,0.6,分類・統合confidence=0.60,バリエーション差と統合先を人手で確認する。,yahoo_shopping,小鳥の巣草 敷草、巣箱用床材 約５g　アラタ,https://store.shopping.yahoo.co.jp/torippie/279-113-150.html,https://item-shopping.c.yimg.jp/i/j/torippie_279-113-150,4532243243341,
candidate-b7bfbaf41f7c7e1e4ade8852,,,,variant_merge_uncertain,cat,cat,species_specific,缶 まぐろ,銀のスプーン,cat_food,subcat_002,0.65,分類・統合confidence=0.65,バリエーション差と統合先を人手で確認する。,yahoo_shopping,銀のスプーン　缶　まぐろ　７０ｇ×４８缶,https://store.shopping.yahoo.co.jp/chanet/189402.html,https://item-shopping.c.yimg.jp/i/j/chanet_189402,2250001894025,
candidate-13305ea2038d8c759af71396,,,,variant_merge_uncertain,reptile_amphibian,gecko|lizard|tortoise,multi_species,エキゾテラ RepDeli ダブルフルーツペースト バナナ&マンゴー,GEX,reptile_amphibian_supplies,reptile_food,0.7,分類・統合confidence=0.70,バリエーション差と統合先を人手で確認する。,yahoo_shopping,GEX エキゾテラ RepDeli ダブルフルーツペースト バナナ＆マンゴー 2.5ｇ×10本,https://store.shopping.yahoo.co.jp/animaux-mignons/273297.html,https://item-shopping.c.yimg.jp/i/j/animaux-mignons_273297,4972547044402,
candidate-72d1ec3016fe62d8321abec4,,,,variant_merge_uncertain,aquarium,goldfish,species_specific,アイドル,キョーリン,fish_supplies,goldfish_food,0.7,分類・統合confidence=0.70,バリエーション差と統合先を人手で確認する。,yahoo_shopping,キョーリン　アイドル　５００ｇ×６,https://store.shopping.yahoo.co.jp/chanet/306830.html,https://item-shopping.c.yimg.jp/i/j/chanet_306830,2250003068301,
candidate-e4aabcd6225cc800929388fb,,,,variant_merge_uncertain,aquarium,aquatic_plant|goldfish|tropical_fish,multi_species,PSB,サンミューズ,dechlorinator,dechlorinator,0.7,分類・統合confidence=0.70,バリエーション差と統合先を人手で確認する。,yahoo_shopping,サンミューズ PSB 2.1L,https://store.shopping.yahoo.co.jp/goodsania2/4530052100206.html,https://item-shopping.c.yimg.jp/i/j/goodsania2_4530052100206,4530052100206,
candidate-64174d50b8d7a539e6c2e86c,,,,variant_merge_uncertain,cat,cat,species_specific,猫砂 大粒,杉にゃん,cat_litter_toilet,subcat_008,0.75,分類・統合confidence=0.75,バリエーション差と統合先を人手で確認する。,rakuten_product_navi,杉にゃん 猫砂 大粒 5L,https://product.rakuten.co.jp/product/-/89562e6c94dc93f97bc2a8d8a5cc552f/?rafcid=wsc_i_ps_73e738b0-b0b2-4c81-a75d-493b024af8f0,,4571512060111,
candidate-a364a0f2ae36f1b31a676f2e,,,,variant_merge_uncertain,dog,dog,species_specific,,ライオンペット,dental_care,dental_care,0.75,分類・統合confidence=0.75,バリエーション差と統合先を人手で確認する。,rakuten_product_navi,ライオンペット｜LION PET PK食後ガム超小型犬用ジャンボP135g,https://product.rakuten.co.jp/product/-/b5fbe4489ca4daf5d696ec430014924b/?rafcid=wsc_i_ps_73e738b0-b0b2-4c81-a75d-493b024af8f0,https://r.r10s.jp/g/gran_img/im/PEE/NQ3/7M2/SWL/4b7176e3114713030b220fc497bcf07c.jpg?_ex=128x128,4903351006010,
candidate-aaa0f1b26588d6086c41f5bc,,,,variant_merge_uncertain,dog,dog,species_specific,,ライオンペット,dental_care,dental_care,0.75,分類・統合confidence=0.75,バリエーション差と統合先を人手で確認する。,rakuten_product_navi,ライオンペット｜LION PET PK食後ガム中大型犬用ジャンボP145g,https://product.rakuten.co.jp/product/-/b66756e40594fdb6838af3e8c66532aa/?rafcid=wsc_i_ps_73e738b0-b0b2-4c81-a75d-493b024af8f0,,4903351007284,
candidate-00363d62043d663d1fb18c5a,,,,variant_merge_uncertain,cat,cat,species_specific,,チャーム(ペット),cat_care_cleaning,subcat_016,0.8,分類・統合confidence=0.80,バリエーション差と統合先を人手で確認する。,yahoo_shopping,国産青色に変わる固まる紙の猫砂７Ｌ×７袋＋除菌消臭水５００ｍＬとウェットティッシュのおまけ付　お一人様１点限り,https://store.shopping.yahoo.co.jp/chanet/167942.html,https://item-shopping.c.yimg.jp/i/j/chanet_167942,2250001679424,
candidate-065eb2aae606777201ba50cd,,,,variant_merge_uncertain,dog,dog,species_specific,,Nutro,dog_food,dog_dry_food,0.8,分類・統合confidence=0.80,バリエーション差と統合先を人手で確認する。,rakuten_ichiba,"【7/20限定!先着最大1,000円OFFクーポン|抽選最大100%P還元※要エントリー】[ナチュラルチョイス]Natural choice 子犬用 チキン&玄米 3kg プレミアムチキン 子犬用 チキン&玄米 犬用品 フード #w-147933-00-00 [Nutro]",https://hb.afl.rakuten.co.jp/hgc/g00qufsn.pd2g836e.g00qufsn.pd2g9a7e/?pc=https%3A%2F%2Fitem.rakuten.co.jp%2F1096dog%2Fw-147933-00-00%2F&m=http%3A%2F%2Fm.rakuten.co.jp%2F1096dog%2Fi%2F10072315%2F&rafcid=wsc_i_is_73e738b0-b0b2-4c81-a75d-493b024af8f0,https://thumbnail.image.rakuten.co.jp/@0_mall/1096dog/cabinet/w-147/w-147933-00-00.jpg?_ex=128x128,,
candidate-080a4bbba65bcb13ea4a316c,,,,variant_merge_uncertain,rabbit,rabbit,species_specific,,ドギーマン,timothy,timothy,0.8,分類・統合confidence=0.80,バリエーション差と統合先を人手で確認する。,rakuten_ichiba,ドギーマン｜DoggyMan ウサギの乳酸菌おやつ 牧草スティック チモシー ローズマリー風味 50g,https://hb.afl.rakuten.co.jp/hgc/g00r7ldn.pd2g8a6e.g00r7ldn.pd2g9324/?pc=https%3A%2F%2Fitem.rakuten.co.jp%2Fbiccamera%2F4976555242720%2F&m=http%3A%2F%2Fm.rakuten.co.jp%2Fbiccamera%2Fi%2F13944415%2F&rafcid=wsc_i_is_73e738b0-b0b2-4c81-a75d-493b024af8f0,https://thumbnail.image.rakuten.co.jp/@0_mall/biccamera/cabinet/product/7404/00000010812922_a01.jpg?_ex=128x128,,
candidate-1c8b268f00b2a43e943051af,,,,variant_merge_uncertain,dog,dog,species_specific,,ニュートロ,dog_food,dog_dry_food,0.8,分類・統合confidence=0.80,バリエーション差と統合先を人手で確認する。,rakuten_ichiba,"【7/20限定!先着最大1,000円OFFクーポン|抽選最大100%P還元※要エントリー】ニュートロ ワイルド レシピ 成犬用 サーモン 4kg / 犬用 ドッグフード ドライ 4562358788574 #w-147963 [Nutro]",https://hb.afl.rakuten.co.jp/hgc/g00qufsn.pd2g836e.g00qufsn.pd2g9a7e/?pc=https%3A%2F%2Fitem.rakuten.co.jp%2F1096dog%2Fw-147963-00-00%2F&m=http%3A%2F%2Fm.rakuten.co.jp%2F1096dog%2Fi%2F10072345%2F&rafcid=wsc_i_is_73e738b0-b0b2-4c81-a75d-493b024af8f0,https://thumbnail.image.rakuten.co.jp/@0_mall/1096dog/cabinet/nutro_t/rinji/w-147963-00-00.jpg?_ex=128x128,,
candidate-218732cc79b78bee54f7f2d6,,,,variant_merge_uncertain,cat,cat,species_specific,,ペティオ,cat_litter_toilet,subcat_013,0.8,分類・統合confidence=0.80,バリエーション差と統合先を人手で確認する。,rakuten_ichiba,ペティオ｜Petio 各社共通 システムトイレ用猫砂 消臭・抗菌ペーパーチップ活性炭入 4L,https://hb.afl.rakuten.co.jp/hgc/g00r7ldn.pd2g8a6e.g00r7ldn.pd2g9324/?pc=https%3A%2F%2Fitem.rakuten.co.jp%2Fbiccamera%2F4903588269462%2F&m=http%3A%2F%2Fm.rakuten.co.jp%2Fbiccamera%2Fi%2F14506554%2F&rafcid=wsc_i_is_73e738b0-b0b2-4c81-a75d-493b024af8f0,https://thumbnail.image.rakuten.co.jp/@0_mall/biccamera/cabinet/product/9234/00000012367548_a01.jpg?_ex=128x128,,
candidate-2815ac7443b11bd9fa193327,,,,variant_merge_uncertain,rabbit,rabbit,species_specific,,ドギーマン,hairball_care,hairball_care,0.8,分類・統合confidence=0.80,バリエーション差と統合先を人手で確認する。,rakuten_ichiba,ドギーマン｜DoggyMan ウサギの毛球ケアスナック　(50g) [ペットフード],https://hb.afl.rakuten.co.jp/hgc/g00r7ldn.pd2g8a6e.g00r7ldn.pd2g9324/?pc=https%3A%2F%2Fitem.rakuten.co.jp%2Fbiccamera%2F4976555242089%2F&m=http%3A%2F%2Fm.rakuten.co.jp%2Fbiccamera%2Fi%2F12540991%2F&rafcid=wsc_i_is_73e738b0-b0b2-4c81-a75d-493b024af8f0,https://thumbnail.image.rakuten.co.jp/@0_mall/biccamera/cabinet/product/4295/00000006598514_a01.jpg?_ex=128x128,,
candidate-36168062b2c72b1057c4051a,,,,variant_merge_uncertain,dog,dog,species_specific,,Nutro,dog_food,dog_dry_food,0.8,分類・統合confidence=0.80,バリエーション差と統合先を人手で確認する。,rakuten_ichiba,"【7/20限定!先着最大1,000円OFFクーポン|抽選最大100%P還元※要エントリー】[シュプレモ]Supremo 子犬用 小粒 6kg 子犬用 小粒 全犬種用 幼犬 子犬 犬用品 フード #w-142477-00-00 [Nutro]",https://hb.afl.rakuten.co.jp/hgc/g00qufsn.pd2g836e.g00qufsn.pd2g9a7e/?pc=https%3A%2F%2Fitem.rakuten.co.jp%2F1096dog%2Fw-142477-00-00%2F&m=http%3A%2F%2Fm.rakuten.co.jp%2F1096dog%2Fi%2F10067092%2F&rafcid=wsc_i_is_73e738b0-b0b2-4c81-a75d-493b024af8f0,https://thumbnail.image.rakuten.co.jp/@0_mall/1096dog/cabinet/nutro_t/rinji/w-142477-00-00.jpg?_ex=128x128,,
candidate-39476bb9d0e431894531792b,,,,variant_merge_uncertain,aquarium,medaka,species_specific,,ソネケミファ,fish_supplies,medaka_food,0.8,分類・統合confidence=0.80,バリエーション差と統合先を人手で確認する。,rakuten_product_navi,ソネケミファ｜sone chemiphar メダカデザイン プレミアムフード和 稚魚10g,https://product.rakuten.co.jp/product/-/25271eb9124de7e88d26c7379f496c53/?rafcid=wsc_i_ps_73e738b0-b0b2-4c81-a75d-493b024af8f0,https://r.r10s.jp/g/gran_img/im/PEK/AZ0/S1X/ZYG/21240940bade5af02d448aa4c881dc12.jpg?_ex=128x128,4948465211066,num900
candidate-620ae551b6a1d1ff7a3cdb60,,,,variant_merge_uncertain,dog,dog,species_specific,,Nutro,dog_food,dog_dry_food,0.8,分類・統合confidence=0.80,バリエーション差と統合先を人手で確認する。,rakuten_ichiba,"【7/20限定!先着最大1,000円OFFクーポン|抽選最大100%P還元※要エントリー】ナチュラルチョイス ラム&玄米 成犬用 4kg / 中型犬〜大型犬用 プロテインシリーズ / 犬 ドライフード ドッグフード #w-147948 [Nutro]",https://hb.afl.rakuten.co.jp/hgc/g00qufsn.pd2g836e.g00qufsn.pd2g9a7e/?pc=https%3A%2F%2Fitem.rakuten.co.jp%2F1096dog%2Fw-147948-00-00%2F&m=http%3A%2F%2Fm.rakuten.co.jp%2F1096dog%2Fi%2F10072330%2F&rafcid=wsc_i_is_73e738b0-b0b2-4c81-a75d-493b024af8f0,https://thumbnail.image.rakuten.co.jp/@0_mall/1096dog/cabinet/nutro_t/rinji/w-147948-00-00.jpg?_ex=128x128,,
candidate-62763e142c8f944095b658d5,,,,variant_merge_uncertain,dog,dog,species_specific,,Nutro,dog_food,dog_dry_food,0.8,分類・統合confidence=0.80,バリエーション差と統合先を人手で確認する。,rakuten_ichiba,"【7/20限定!先着最大1,000円OFFクーポン|抽選最大100%P還元※要エントリー】[シュプレモ]Supremo 超小型犬用 小粒 800g 超小型犬用 小粒 成犬用 犬用品 フード #w-142465-00-00 [Nutro]",https://hb.afl.rakuten.co.jp/hgc/g00qufsn.pd2g836e.g00qufsn.pd2g9a7e/?pc=https%3A%2F%2Fitem.rakuten.co.jp%2F1096dog%2Fw-142465-00-00%2F&m=http%3A%2F%2Fm.rakuten.co.jp%2F1096dog%2Fi%2F10067068%2F&rafcid=wsc_i_is_73e738b0-b0b2-4c81-a75d-493b024af8f0,https://thumbnail.image.rakuten.co.jp/@0_mall/1096dog/cabinet/nutro_t/rinji/w-142465-00-00.jpg?_ex=128x128,,
candidate-6a845c6ca30a29f165db0b6e,,,,variant_merge_uncertain,dog,dog,species_specific,,Nutro,dog_food,dog_dry_food,0.8,分類・統合confidence=0.80,バリエーション差と統合先を人手で確認する。,rakuten_ichiba,"【7/20限定!先着最大1,000円OFFクーポン|抽選最大100%P還元※要エントリー】[シュプレモ]Supremo 超小型犬用 小粒 2kg 超小型犬用 小粒 成犬用 犬用品 フード #w-142466-00-00 [Nutro]",https://hb.afl.rakuten.co.jp/hgc/g00qufsn.pd2g836e.g00qufsn.pd2g9a7e/?pc=https%3A%2F%2Fitem.rakuten.co.jp%2F1096dog%2Fw-142466-00-00%2F&m=http%3A%2F%2Fm.rakuten.co.jp%2F1096dog%2Fi%2F10067072%2F&rafcid=wsc_i_is_73e738b0-b0b2-4c81-a75d-493b024af8f0,https://thumbnail.image.rakuten.co.jp/@0_mall/1096dog/cabinet/nutro_t/rinji/w-142466-00-00.jpg?_ex=128x128,,
candidate-78b2a2b92572486f89139abc,,,,variant_merge_uncertain,dog,dog,species_specific,,Nutro,dog_food,dog_dry_food,0.8,分類・統合confidence=0.80,バリエーション差と統合先を人手で確認する。,rakuten_ichiba,"【7/20限定!先着最大1,000円OFFクーポン|抽選最大100%P還元※要エントリー】[シュプレモ]Supremo 体重管理用 13.5kg 低糖質・低カロリー 体重管理用 中型犬〜大型犬用 成犬用 犬用品 フード #w-142476-00-00 [Nutro]",https://hb.afl.rakuten.co.jp/hgc/g00qufsn.pd2g836e.g00qufsn.pd2g9a7e/?pc=https%3A%2F%2Fitem.rakuten.co.jp%2F1096dog%2Fw-142476-00-00%2F&m=http%3A%2F%2Fm.rakuten.co.jp%2F1096dog%2Fi%2F10067085%2F&rafcid=wsc_i_is_73e738b0-b0b2-4c81-a75d-493b024af8f0,https://thumbnail.image.rakuten.co.jp/@0_mall/1096dog/cabinet/w-142/w-142476-00-00.jpg?_ex=128x128,,
candidate-84ec0a73caa20037a4c7a1ee,,,,variant_merge_uncertain,aquarium,medaka,species_specific,,ソネケミファ,fish_supplies,medaka_food,0.8,分類・統合confidence=0.80,バリエーション差と統合先を人手で確認する。,rakuten_product_navi,ソネケミファ｜sone chemiphar メダカデザイン プレミアムフード和 成魚15g,https://product.rakuten.co.jp/product/-/5603ee791fac3fccb07c14071280edb4/?rafcid=wsc_i_ps_73e738b0-b0b2-4c81-a75d-493b024af8f0,https://r.r10s.jp/g/gran_img/im/PEK/AQ6/FXR/2L4/18cc022d8bc3208f38c32f37484ea455.jpg?_ex=128x128,4948465211073,
candidate-8a16029474aee7687d2c9887,,,,variant_merge_uncertain,small_animal,hamster,species_specific,,ドギーマン,small_mammal_food,hamster_food,0.8,分類・統合confidence=0.80,バリエーション差と統合先を人手で確認する。,rakuten_ichiba,ドギーマン｜DoggyMan ハムスター・リスのカットビーフ（60g） [ペットフード],https://hb.afl.rakuten.co.jp/hgc/g00r7ldn.pd2g8a6e.g00r7ldn.pd2g9324/?pc=https%3A%2F%2Fitem.rakuten.co.jp%2Fbiccamera%2F4976555240160%2F&m=http%3A%2F%2Fm.rakuten.co.jp%2Fbiccamera%2Fi%2F12540988%2F&rafcid=wsc_i_is_73e738b0-b0b2-4c81-a75d-493b024af8f0,https://thumbnail.image.rakuten.co.jp/@0_mall/biccamera/cabinet/product/4295/00000006598117_a01.jpg?_ex=128x128,,
candidate-8deae9d7f2f4ba1d0d76d11c,,,,variant_merge_uncertain,rabbit,rabbit,species_specific,,ドギーマン,alfalfa,alfalfa,0.8,分類・統合confidence=0.80,バリエーション差と統合先を人手で確認する。,rakuten_ichiba,ドギーマン｜DoggyMan ウサギの乳酸菌おやつ 牧草スティック アルファルファ カモミール風味 50g,https://hb.afl.rakuten.co.jp/hgc/g00r7ldn.pd2g8a6e.g00r7ldn.pd2g9324/?pc=https%3A%2F%2Fitem.rakuten.co.jp%2Fbiccamera%2F4976555242713%2F&m=http%3A%2F%2Fm.rakuten.co.jp%2Fbiccamera%2Fi%2F13944416%2F&rafcid=wsc_i_is_73e738b0-b0b2-4c81-a75d-493b024af8f0,https://thumbnail.image.rakuten.co.jp/@0_mall/biccamera/cabinet/product/7404/00000010812921_a01.jpg?_ex=128x128,,
candidate-b77ae6719307c000e4945d1b,,,,variant_merge_uncertain,cat,cat,species_specific,,ライオン,cat_litter_toilet,subcat_008,0.8,分類・統合confidence=0.80,バリエーション差と統合先を人手で確認する。,rakuten_ichiba,【配送不可｜店頭受取限定】 ニオイをとる砂 5L 猫砂 トイレ砂 ライオン LION 鉱物系 消臭 固まる ペンナイト ペット用品,https://hb.afl.rakuten.co.jp/hgc/g00ukwen.pd2g8d92.g00ukwen.pd2g9642/?pc=https%3A%2F%2Fitem.rakuten.co.jp%2Fhcgooday%2F1377163%2F&m=http%3A%2F%2Fm.rakuten.co.jp%2Fhcgooday%2Fi%2F10000134%2F&rafcid=wsc_i_is_73e738b0-b0b2-4c81-a75d-493b024af8f0,https://thumbnail.image.rakuten.co.jp/@0_mall/hcgooday/cabinet/10493515/13/77/1377163.jpg?_ex=128x128,,
candidate-bd74b7b51d520af1abfa8d49,,,,variant_merge_uncertain,cat,cat,species_specific,,チャーム(ペット),cat_care_cleaning,subcat_017,0.8,分類・統合confidence=0.80,バリエーション差と統合先を人手で確認する。,yahoo_shopping,国産青色に変わる固まる紙の猫砂７Ｌ×７袋＋除菌消臭水５００ｍＬとウェットティッシュのおまけ付　お一人様１点限り,https://store.shopping.yahoo.co.jp/chanet/167942.html,https://item-shopping.c.yimg.jp/i/j/chanet_167942,2250001679424,
candidate-c4062bd2c030d01459beac47,,,,variant_merge_uncertain,small_animal,hedgehog,species_specific,,ナチュラルペットフーズ,toilet_litter,toilet_litter,0.8,分類・統合confidence=0.80,バリエーション差と統合先を人手で確認する。,rakuten_product_navi,ナチュラルペットフーズ｜Natural Pet Foods Sand club ハリネズミ 消臭トイレ砂 800g,https://product.rakuten.co.jp/product/-/16ac3d2fc2d48762e6bd3859d89bfbd8/?rafcid=wsc_i_ps_73e738b0-b0b2-4c81-a75d-493b024af8f0,https://r.r10s.jp/g/gran_img/im/PEE/P0C/BX9/26T/62e24aec8b94ea6d13fd0db298b1d32b.jpg?_ex=128x128,4932804229423,4932804229423
candidate-e04bc17bbe3c768a1cf5436f,,,,variant_merge_uncertain,small_animal,hamster,species_specific,,ナチュラルペットフーズ,toilet_litter,toilet_litter,0.8,分類・統合confidence=0.80,バリエーション差と統合先を人手で確認する。,rakuten_product_navi,ナチュラルペットフーズ｜Natural Pet Foods Sand club ハムスター 消臭トイレ砂 500g,https://product.rakuten.co.jp/product/-/9c74b233da315b619dc266f230d6a760/?rafcid=wsc_i_ps_73e738b0-b0b2-4c81-a75d-493b024af8f0,https://r.r10s.jp/g/gran_img/sh/PEE/P0G/KIT/BFD/d27825d87ff36e933769c09ebaafa851.jpg?_ex=128x128,4932804229416,NPF Sand club
